Emp_ID,Churn,Age,Salary,Exp_Industry(mnths),Exp_Company(mnths),Exp_Job_role(mnths),Last_Promotion(mnths),Absenteeism,Irregularities,Overseas_assgnmnt,Last_rating_avg/below,2ndLast_rating_avg/below,3rdLast_rating_avg/below,Compa_Ratio,Edu_Qual,Colg_Brand,Emp_ID1,Age1,Salary1,Exp_Industry(mnths)1,Exp_Company(mnths)1,Exp_Job_role(mnths)1,Last_Promotion(mnths)1,Absenteeism1,Irregularities1,Overseas_assgnmnt1,Last_rating_avg/below1,2ndLast_rating_avg/below1,3rdLast_rating_avg/below1,Compa_Ratio1,Edu_Qual1,Colg_Brand1,EmpID2,Marks_before_training,Marks_after_training,Month,AttritionRate,EmpID3,Productivity,Quality,CustomerSatisfaction,EmpID4,Score_Card,Appraisal_Rating
1,0,33,9,60,60,48,6,1,0,1,0,0,0,0.6,0,0,,,,,,,,,,,,,,,,,,,,1,2.07,a1,1,1,2,1,2.06,2.19
2,0,41,19,120,120,24,0,0,0,0,0,1,0,2.5,2,0,,,,,,,,,,,,,,,,,,,,2,1.98,a2,1,1,2,2,2.2,2.16
3,1,35,5,72,72,36,0,0,2,0,0,1,1,2.5,2,1,,,,,,,,,,,,,,,,,,,,3,2.4,a3,1,1,1,3,1.99,2.16
4,1,30,6,36,36,12,0,1,1,0,0,0,0,2.05,1,1,,,,,,,,,,,,,,,,,,,,4,2.25,a4,1,1,1,4,2.29,1.97
5,1,30,5,72,36,36,0,1,1,1,0,0,1,2.5,1,0,,,,,,,,,,,,,,,,,,,,5,2.38,a5,1,1,1,5,2.54,2.47
6,1,31,4,72,60,36,0,0,1,0,0,0,0,0.6,0,1,,,,,,,,,,,,,,,,,d6,64,88,6,2.22,a6,1,1,1,6,1.74,1.9
7,0,38,9,132,96,60,0,1,1,0,1,1,0,2.5,2,2,,,,,,,,,,,,,,,,,d7,58,70,7,1.93,a7,1,1,1,7,2.45,2.35
8,0,28,2,24,12,12,0,1,1,1,1,1,0,0.6,1,1,,,,,,,,,,,,,,,,,d8,62,76,8,1.7,a8,1,1,1,8,2.41,2.26
9,1,23,3,12,12,12,0,1,1,0,0,1,0,2.5,2,0,,,,,,,,,,,,,,,,,d9,66,78,9,1.9,a9,1,1,1,9,2.15,2.03
10,1,40,11,108,12,12,0,0,0,1,0,0,0,0.6,2,0,,,,,,,,,,,,,,,,,d10,64,80,10,2.14,a10,1,1,1,10,2.31,2.37
11,1,25,2,36,24,24,0,0,1,0,1,1,1,1.32,0,0,,,,,,,,,,,,,,,,,d11,74,84,11,1.77,a11,1,1,1,11,2.27,1.97
12,1,37,7,72,24,12,0,1,2,0,1,0,1,2.08,2,0,,,,,,,,,,,,,,,,,d12,84,84,12,1.22,a12,1,1,1,12,1.59,1.51
13,1,45,36,288,252,168,6,0,0,1,0,0,1,2.5,1,2,,,,,,,,,,,,,,,,,d13,68,72,13,1.11,a13,1,1,2,13,2.11,2.23
14,1,31,6,36,24,24,0,1,0,0,1,1,1,0.6,1,2,,,,,,,,,,,,,,,,,d14,62,75,14,1.2,a14,1,1,1,14,1.78,2.22
15,0,30,8,36,24,12,0,0,0,0,0,0,1,0.6,0,1,,,,,,,,,,,,,,,,,d15,76,118,15,1.41,a15,1,1,1,15,1.91,1.69
16,1,32,4,36,36,36,0,0,0,1,1,1,0,0.6,2,2,,,,,,,,,,,,,,,,,d16,90,94,16,1.24,a16,1,1,1,16,2.14,2.15
17,0,32,7,60,24,24,0,0,1,0,0,1,1,0.6,0,0,,,,,,,,,,,,,,,,,d17,80,96,17,1.77,a17,1,1,1,17,2.04,2.04
18,0,36,8,72,12,12,0,0,2,0,0,1,1,1.24,2,1,,,,,,,,,,,,,,,,,d18,92,84,18,1.39,a18,1,1,1,18,2.03,1.84
19,1,38,13,156,84,72,36,1,1,0,0,1,0,1.8,0,0,,,,,,,,,,,,,,,,,d19,68,76,19,2.03,a19,1,1,1,19,2.3,2.14
20,1,25,2,24,24,12,0,0,2,0,1,1,1,2.5,2,0,,,,,,,,,,,,,,,,,d20,60,76,20,2.01,a20,1,1,1,20,2.45,2.33
21,0,28,3,36,36,24,0,1,0,1,0,0,1,1.02,0,0,,,,,,,,,,,,,,,,,d21,62,58,21,1.92,a21,1,1,1,21,2.39,2.21
22,1,29,7,60,60,36,0,1,0,0,0,1,0,1.21,0,1,,,,,,,,,,,,,,,,,d22,66,82,22,1.74,a22,1,1,1,22,2.01,1.85
23,1,28,2,24,12,12,0,0,1,1,1,0,1,2.32,0,0,,,,,,,,,,,,,,,,,d23,70,72,23,1.99,a23,1,1,1,23,1.64,1.63
24,1,34,9,60,36,12,0,0,0,0,1,0,0,0.6,0,1,,,,,,,,,,,,,,,,,d24,68,76,24,2.03,a24,1,1,1,24,1.49,1.89
25,1,33,7,36,24,24,0,1,0,1,0,1,0,0.6,1,0,25,33,7,36,24,24,0,1,0,1,0,1,0,0.6,1,0,d25,72,80,25,1.55,a25,1,1,1,25,2.55,2.43
26,0,34,9,36,24,24,0,1,0,0,1,0,0,0.6,1,0,26,34,9,36,24,24,0,1,0,0,1,0,0,0.6,1,0,d26,70,106,26,1.03,a26,1,1,1,26,2.29,2.3
27,0,35,12,108,72,48,12,0,1,1,1,0,0,0.6,2,0,27,35,12,108,72,48,12,0,1,1,1,0,1,0.6,2,0,d27,74,76,27,1.24,a27,1,1,1,27,2.23,2.26
28,1,25,4,12,12,12,0,1,1,0,1,1,0,1.2,1,2,28,25,4,12,12,12,0,1,1,0,1,1,0,1.2,1,2,d28,66,102,28,1.01,a28,1,1,1,28,2.17,2.46
29,0,36,12,96,96,96,60,1,2,0,0,0,0,0.6,0,1,29,36,12,96,96,96,60,1,2,0,0,0,1,0.6,0,1,d29,70,94,29,1.2,a29,1,1,1,29,2.39,2.49
30,1,32,7,72,48,36,0,1,1,0,1,1,1,2.5,2,2,30,32,7,72,48,36,0,1,1,0,1,1,0,2.5,2,2,d30,96,140,30,1.37,a30,1,1,1,30,2.19,2.11
31,0,34,4,60,24,12,0,1,2,1,1,0,0,0.6,0,0,31,34,4,60,24,12,0,1,2,1,1,0,0,0.6,0,0,d31,62,100,,,a31,1,1,1,31,1.8,1.53
32,1,31,8,60,36,24,0,0,2,0,1,0,1,1.17,1,0,32,31,8,60,36,24,0,0,2,0,1,0,0,1.17,1,0,d32,78,104,,,a32,1,1,1,32,1.82,1.84
33,1,34,7,48,24,12,0,0,0,0,1,1,0,1.95,1,2,33,34,7,48,24,12,0,0,0,0,1,1,0,1.95,1,2,d33,82,100,,,a33,1,1,1,33,1.86,1.78
34,1,29,6,60,48,24,0,0,1,0,1,1,0,1.48,2,1,34,29,6,60,48,24,0,0,1,0,1,1,0,1.48,2,1,d34,100,115,,,a34,1,1,1,34,1.61,1.62
35,0,33,6,72,36,36,0,1,0,0,0,1,0,0.6,2,2,35,33,6,72,36,36,0,1,0,0,0,1,1,0.6,2,2,d35,68,112,,,a35,1,1,1,35,1.26,1.54
36,0,29,4,72,72,48,0,0,1,1,1,1,0,1.37,2,1,36,29,4,72,72,48,0,0,1,1,1,1,1,1.37,2,1,d36,96,116,,,a36,1,1,1,36,1.79,1.87
37,1,34,8,60,60,36,0,1,2,0,0,1,0,2.07,1,0,37,34,8,60,60,36,0,1,2,0,0,1,1,2.07,1,0,d37,78,118,,,a37,1,1,1,37,1.76,1.84
38,1,34,5,72,60,48,24,0,1,1,1,0,1,0.6,0,0,38,34,5,72,60,48,24,0,1,1,1,0,1,0.6,0,0,d38,88,110,,,a38,1,1,1,38,1.66,1.67
39,0,29,9,60,24,24,0,0,1,0,1,1,0,0.6,1,2,39,29,9,60,24,24,0,0,1,0,1,1,1,0.6,1,2,d39,62,98,,,a39,1,1,1,39,2.34,2.12
40,0,33,6,48,36,12,0,1,2,0,0,1,0,0.6,2,0,40,33,6,48,36,12,0,1,2,0,0,1,0,0.6,2,0,d40,80,128,,,a40,2,1,1,40,2.05,1.9
41,0,30,8,48,48,36,0,0,0,1,0,0,1,1.52,2,1,41,30,8,48,48,36,0,0,0,1,0,0,1,1.52,2,1,d41,62,62,,,a41,2,2,2,41,2.43,2.46
42,0,40,12,120,120,84,6,1,0,1,0,0,1,0.6,0,0,42,40,12,120,120,84,6,1,0,1,0,0,1,0.6,0,0,d42,60,62,,,a42,2,2,3,42,2.1,2.15
43,0,37,13,96,48,48,12,0,2,0,1,0,1,0.6,0,1,43,37,13,96,48,48,12,0,2,0,1,0,0,0.6,0,1,d43,72,74,,,a43,2,2,2,43,1.97,1.83
44,0,22,3,36,36,24,0,0,2,0,1,1,1,1.8,2,1,44,22,3,36,36,24,0,0,2,0,1,1,1,1.8,2,1,d44,62,66,,,a44,2,2,2,44,1.81,1.7
45,1,29,4,36,36,24,0,0,2,0,0,0,1,2.5,0,2,45,29,4,36,36,24,0,0,2,0,0,0,1,2.5,0,2,d45,76,76,,,a45,2,2,2,45,1.48,1.62
46,0,32,4,36,36,12,0,0,2,0,0,1,1,0.6,0,2,46,32,4,36,36,12,0,0,2,0,0,1,0,0.6,0,2,d46,68,66,,,a46,2,2,3,46,2.36,2.5
47,1,37,8,72,24,24,0,1,0,1,0,0,1,2.5,0,2,47,37,8,72,24,24,0,1,0,1,0,0,1,2.5,0,2,d47,54,56,,,a47,2,1,2,47,1.95,1.88
48,1,28,3,36,36,24,0,0,0,0,0,1,0,2.5,2,2,48,28,3,36,36,24,0,0,0,0,0,1,0,2.5,2,2,d48,74,70,,,a48,2,2,2,48,2.21,2.06
49,1,27,2,12,12,12,0,0,1,0,0,1,1,0.6,2,2,49,27,2,12,12,12,0,0,1,0,0,1,0,0.6,2,2,d49,74,74,,,a49,2,2,2,49,2.21,2.23
50,1,34,5,48,36,24,0,0,0,0,1,1,0,2.5,0,0,50,34,5,48,36,24,0,0,0,0,1,1,0,2.5,0,0,d50,68,68,,,a50,2,2,3,50,2.55,2.37
51,1,34,4,36,24,12,0,1,2,1,1,1,0,2.5,2,1,51,34,4,36,24,12,0,1,2,1,1,1,0,2.5,2,1,d51,72,74,,,a51,2,2,3,51,2.15,2.07
52,0,32,6,36,12,12,0,1,2,1,0,0,0,2.42,2,1,52,32,6,36,12,12,0,1,2,1,0,0,0,2.42,2,1,d52,68,64,,,a52,2,2,2,52,1.39,1.51
53,0,36,7,84,48,24,0,0,1,1,0,0,0,1.59,2,2,53,36,7,84,48,24,0,0,1,1,0,0,0,1.59,2,2,d53,82,84,,,a53,2,2,3,53,2.48,2.41
54,0,29,9,48,24,12,0,1,0,0,1,0,1,0.6,1,1,54,29,9,48,24,12,0,1,0,0,1,0,1,0.6,1,1,d54,64,62,,,a54,2,1,2,54,2.04,2.27
55,1,32,7,48,36,12,0,1,0,1,0,1,1,0.6,2,2,55,32,7,48,36,12,0,1,0,1,0,1,0,0.6,2,2,d55,58,58,,,a55,2,2,1,55,2.17,1.88
56,0,49,35,252,216,144,6,1,2,0,1,1,0,0.6,2,0,56,49,35,252,216,144,6,1,2,0,1,1,1,0.6,2,0,d56,54,50,,,a56,2,2,2,56,1.99,1.59
57,1,36,8,84,72,48,0,1,1,1,0,1,1,2.5,0,0,57,36,8,84,72,48,0,1,1,1,0,1,0,2.5,0,0,d57,70,62,,,a57,2,2,2,57,1.48,1.55
58,1,31,5,60,60,60,0,1,1,0,1,1,1,0.6,0,0,58,31,5,60,60,60,0,1,1,0,1,1,0,0.6,0,0,d58,62,68,,,a58,2,2,2,58,2.11,2.32
59,1,37,12,96,84,72,6,1,2,0,0,0,0,2.5,0,1,59,37,12,96,84,72,6,1,2,0,0,0,0,2.5,0,1,d59,48,54,,,a59,2,2,2,59,2.44,2.33
60,0,35,5,72,60,36,0,1,2,1,0,0,0,0.6,1,2,60,35,5,72,60,36,0,1,2,1,0,0,0,0.6,1,2,d60,76,76,,,a60,2,2,2,60,2.12,2.15
61,1,49,34,288,252,156,6,1,0,1,0,1,0,0.6,1,2,61,49,34,288,252,156,6,1,0,1,0,1,0,0.6,1,2,d61,88,84,,,a61,2,3,2,61,2.11,1.63
62,0,32,7,60,48,48,12,1,2,1,0,1,1,1.5,1,2,62,32,7,60,48,48,12,1,2,1,0,1,1,1.5,1,2,d62,70,70,,,a62,2,3,2,62,1.83,1.84
63,1,37,13,84,84,60,12,0,1,0,1,1,1,0.6,0,0,63,37,13,84,84,60,12,0,1,0,1,1,0,0.6,0,0,d63,90,88,,,a63,2,2,2,63,2.37,2.23
64,0,25,2,36,36,36,0,1,1,0,1,0,0,1.85,2,2,64,25,2,36,36,36,0,1,1,0,1,0,0,1.85,2,2,d64,78,76,,,a64,2,2,2,64,2.42,2.41
65,1,32,5,60,48,36,0,1,1,1,0,0,0,0.6,2,1,65,32,5,60,48,36,0,1,1,1,0,0,1,0.6,2,1,d65,70,66,,,a65,2,2,2,65,2.05,2.2
66,0,34,5,36,36,12,0,1,2,1,1,1,0,1.03,1,0,66,34,5,36,36,12,0,1,2,1,1,1,1,1.03,1,0,d66,90,90,,,a66,2,1,2,66,1.78,1.74
67,1,25,2,24,24,24,0,0,0,0,1,0,1,0.6,1,2,67,25,2,24,24,24,0,0,0,0,1,0,1,0.6,1,2,d67,92,94,,,a67,2,2,2,67,1.78,2.14
68,1,31,8,36,24,24,0,1,2,1,0,1,0,2.48,0,2,68,31,8,36,24,24,0,1,2,1,0,1,1,2.48,0,2,d68,60,70,,,a68,2,2,2,68,2.07,1.78
69,1,26,3,12,12,12,0,0,1,0,0,1,0,0.6,1,1,69,26,3,12,12,12,0,0,1,0,0,1,1,0.6,1,1,d69,72,70,,,a69,2,2,2,69,2.49,2.46
70,1,28,3,36,24,24,0,1,1,1,0,0,0,0.6,0,0,70,28,3,36,24,24,0,1,1,1,0,0,1,0.6,0,0,d70,68,68,,,a70,2,2,2,70,2.09,1.66
71,1,23,3,24,12,12,0,1,0,0,0,0,1,0.6,0,2,71,23,3,24,12,12,0,1,0,0,0,0,1,0.6,0,2,d71,84,84,,,a71,2,2,2,71,2.02,1.92
72,0,33,4,72,36,12,0,1,2,1,0,1,1,0.6,1,0,72,33,4,72,36,12,0,1,2,1,0,1,0,0.6,1,0,d72,74,76,,,a72,2,2,2,72,1.61,1.75
73,1,32,6,36,12,12,0,1,1,1,1,0,1,2.5,1,1,73,32,6,36,12,12,0,1,1,1,1,0,1,2.5,1,1,d73,68,66,,,a73,2,2,2,73,1.71,1.59
74,0,37,6,96,96,72,12,0,1,0,1,0,1,1.49,1,1,74,37,6,96,96,72,12,0,1,0,1,0,0,1.49,1,1,d74,84,84,,,a74,2,2,2,74,2.14,2.33
75,0,34,5,60,60,36,0,1,2,0,0,1,1,0.6,2,2,75,34,5,60,60,36,0,1,2,0,0,1,0,0.6,2,2,d75,61,70,,,a75,2,3,1,75,1.78,2.03
76,1,22,2,24,12,12,0,0,2,1,0,0,0,2.19,0,0,76,22,2,24,12,12,0,0,2,1,0,0,0,2.19,0,0,d76,64,60,,,a76,2,3,3,76,2.23,2.17
77,0,33,7,36,12,12,0,1,2,1,0,1,1,2.5,0,1,77,33,7,36,12,12,0,1,2,1,0,1,0,2.5,0,1,d77,94,92,,,a77,2,2,2,77,1.82,1.91
78,1,29,8,72,48,48,0,1,2,0,1,1,1,0.6,0,0,78,29,8,72,48,48,0,1,2,0,1,1,1,0.6,0,0,d78,60,66,,,a78,2,2,2,78,2.34,2.34
79,0,37,5,72,72,60,6,1,2,0,0,0,1,2.5,1,1,79,37,5,72,72,60,6,1,2,0,0,0,1,2.5,1,1,d79,72,70,,,a79,2,2,2,79,2.25,2.24
80,0,34,6,72,72,72,36,1,0,1,0,1,0,1.4,2,0,80,34,6,72,72,72,36,1,0,1,0,1,0,1.4,2,0,d80,58,56,,,a80,2,2,2,80,1.73,1.85
81,0,44,19,288,252,108,12,0,0,0,1,1,1,0.6,2,1,,,,,,,,,,,,,,,,,d81,88,74,,,a81,2,2,1,81,2.34,2.45
82,0,33,6,36,36,36,0,1,1,0,0,0,1,0.6,0,1,,,,,,,,,,,,,,,,,d82,66,72,,,a82,2,2,2,82,2.12,2.15
83,0,28,4,24,12,12,0,0,0,1,1,0,1,1.95,2,2,,,,,,,,,,,,,,,,,d83,84,80,,,a83,2,2,2,83,1.78,1.54
84,1,37,7,108,72,24,0,0,2,1,0,0,0,0.6,1,0,,,,,,,,,,,,,,,,,d84,62,66,,,a84,2,2,2,84,1.8,2.1
85,1,50,22,276,192,96,48,1,1,1,0,1,0,2.5,2,0,,,,,,,,,,,,,,,,,d85,66,76,,,a85,2,2,2,85,2.04,1.92
86,1,36,5,108,96,60,48,0,2,1,1,1,0,0.6,2,1,,,,,,,,,,,,,,,,,d86,80,74,,,a86,2,2,2,86,1.65,1.58
87,1,29,6,48,36,36,0,0,0,1,1,1,1,2.5,2,0,,,,,,,,,,,,,,,,,d87,78,78,,,a87,2,2,2,87,2.24,2.03
88,1,33,9,48,12,12,0,0,2,0,0,0,0,2.5,1,1,,,,,,,,,,,,,,,,,d88,68,68,,,a88,2,2,1,88,2.4,2.46
89,1,29,7,72,72,60,12,0,1,1,0,1,1,0.6,0,0,,,,,,,,,,,,,,,,,d89,72,68,,,a89,2,2,2,89,2.28,2.21
90,1,30,8,36,36,24,0,0,1,0,0,0,0,2.5,0,0,,,,,,,,,,,,,,,,,d90,82,80,,,a90,2,1,2,90,2.1,2.05
91,1,28,4,36,36,24,0,0,2,0,0,1,1,2.5,0,0,,,,,,,,,,,,,,,,,d91,76,76,,,a91,2,2,2,91,1.63,1.74
92,0,35,8,84,24,24,0,0,0,1,1,0,0,0.6,2,2,,,,,,,,,,,,,,,,,d92,87,84,,,a92,2,2,2,92,2.52,2.28
93,1,22,3,24,24,12,0,1,0,0,1,0,0,1.44,0,0,,,,,,,,,,,,,,,,,d93,90,92,,,a93,2,2,2,93,2.38,2.15
94,1,33,7,72,36,24,0,1,1,1,1,1,0,0.6,2,1,,,,,,,,,,,,,,,,,d94,78,80,,,a94,2,2,2,94,2.47,2.33
95,0,37,12,96,84,24,0,1,1,1,1,1,0,1.04,0,2,,,,,,,,,,,,,,,,,d95,68,68,,,a95,2,1,2,95,2.47,2.15
96,1,32,5,72,60,36,0,0,2,0,0,1,1,1.42,2,0,,,,,,,,,,,,,,,,,d96,86,84,,,a96,2,2,2,96,2.09,1.98
97,0,38,10,108,84,36,0,1,1,1,1,0,1,0.6,0,1,,,,,,,,,,,,,,,,,d97,76,76,,,a97,2,2,2,97,1.74,2
98,1,34,5,48,12,12,0,0,1,1,0,1,1,2.5,2,0,,,,,,,,,,,,,,,,,,,,,,a98,2,2,2,98,1.77,1.88
99,0,31,5,72,36,24,0,0,2,0,1,1,0,1.67,2,1,,,,,,,,,,,,,,,,,,,,,,a99,2,2,2,99,1.71,1.95
100,1,30,8,36,12,12,0,0,2,1,1,0,1,0.6,1,2,,,,,,,,,,,,,,,,,,,,,,a100,2,2,2,100,2.22,2.31
101,1,38,10,144,144,144,24,1,0,0,0,1,1,0.6,2,2,,,,,,,,,,,,,,,,,,,,,,a101,2,1,2,,,
102,0,35,12,72,24,24,0,1,2,1,0,0,1,1.42,0,2,,,,,,,,,,,,,,,,,,,,,,a102,2,2,2,,,
103,1,25,4,24,24,24,0,1,0,0,0,1,0,1.51,1,0,,,,,,,,,,,,,,,,,,,,,,a103,2,2,2,,,
104,1,26,3,12,12,12,0,1,1,1,1,0,0,2.5,0,2,,,,,,,,,,,,,,,,,,,,,,a104,2,3,2,,,
105,0,49,35,276,180,36,0,1,2,1,0,1,0,2.5,2,1,,,,,,,,,,,,,,,,,,,,,,a105,2,2,2,,,
106,0,34,6,72,36,12,0,1,1,1,1,0,0,2.5,1,2,,,,,,,,,,,,,,,,,,,,,,a106,2,2,2,,,
107,1,32,8,72,36,12,0,1,1,0,1,1,1,1.09,1,2,,,,,,,,,,,,,,,,,,,,,,a107,2,2,2,,,
108,1,32,7,48,12,12,0,0,1,0,0,1,0,0.6,2,1,,,,,,,,,,,,,,,,,,,,,,a108,2,2,2,,,
109,0,30,6,60,60,48,0,1,0,1,1,1,1,2.5,0,1,,,,,,,,,,,,,,,,,,,,,,a109,2,2,3,,,
110,0,32,8,72,36,24,0,0,2,1,1,0,0,1.52,1,2,,,,,,,,,,,,,,,,,,,,,,a110,2,2,2,,,
111,1,40,9,156,72,12,0,1,1,1,1,0,0,0.6,2,0,,,,,,,,,,,,,,,,,,,,,,a111,2,2,2,,,
112,1,37,9,84,72,36,0,0,2,0,1,1,1,0.6,0,1,,,,,,,,,,,,,,,,,,,,,,a112,3,3,3,,,
113,0,43,28,252,120,24,0,1,0,0,1,0,1,1.69,2,2,,,,,,,,,,,,,,,,,,,,,,a113,3,3,4,,,
114,1,44,35,300,204,60,6,0,2,1,0,0,0,2.5,0,1,,,,,,,,,,,,,,,,,,,,,,a114,3,3,4,,,
115,0,33,6,60,36,12,0,0,0,1,1,0,0,0.6,0,1,,,,,,,,,,,,,,,,,,,,,,a115,3,4,3,,,
116,1,32,8,36,36,24,0,1,1,1,0,0,1,1.24,2,2,,,,,,,,,,,,,,,,,,,,,,a116,3,3,3,,,
117,0,29,8,36,24,12,0,0,1,0,1,0,0,2.5,0,2,,,,,,,,,,,,,,,,,,,,,,a117,3,3,3,,,
118,0,30,9,72,60,60,12,1,1,1,1,1,0,0.6,1,2,,,,,,,,,,,,,,,,,,,,,,a118,3,3,3,,,
119,0,39,16,132,132,84,48,1,1,1,1,0,1,0.6,2,0,,,,,,,,,,,,,,,,,,,,,,a119,3,3,3,,,
120,1,40,11,132,48,12,0,0,0,0,1,0,1,0.6,0,0,,,,,,,,,,,,,,,,,,,,,,a120,3,3,3,,,
121,1,33,7,36,36,12,0,1,0,1,1,1,0,0.6,2,1,,,,,,,,,,,,,,,,,,,,,,a121,3,3,3,,,
122,0,28,4,12,12,12,0,0,2,1,1,1,1,2.5,0,0,,,,,,,,,,,,,,,,,,,,,,a122,3,3,3,,,
123,0,36,9,72,12,12,0,0,0,1,0,1,1,2.03,2,1,,,,,,,,,,,,,,,,,,,,,,a123,3,3,3,,,
124,1,37,8,108,60,24,0,0,0,0,1,0,0,1.56,2,1,,,,,,,,,,,,,,,,,,,,,,a124,3,3,3,,,
125,1,33,8,60,24,24,0,1,1,1,0,0,1,0.6,2,0,,,,,,,,,,,,,,,,,,,,,,a125,3,3,3,,,
126,0,24,2,36,36,36,0,0,1,1,1,0,1,1.66,1,1,,,,,,,,,,,,,,,,,,,,,,a126,3,3,3,,,
127,1,34,8,72,60,60,48,0,0,0,0,0,1,0.6,2,1,,,,,,,,,,,,,,,,,,,,,,a127,3,2,3,,,
128,0,27,2,12,12,12,0,0,1,0,1,0,0,1.47,0,0,,,,,,,,,,,,,,,,,,,,,,a128,3,3,3,,,
129,0,31,5,36,36,36,0,1,2,1,0,1,0,0.6,2,1,,,,,,,,,,,,,,,,,,,,,,a129,3,3,3,,,
130,1,33,8,72,48,24,0,0,1,0,1,1,1,2.28,1,2,,,,,,,,,,,,,,,,,,,,,,a130,3,3,3,,,
131,1,30,7,36,24,24,0,0,1,0,0,0,1,0.6,1,1,,,,,,,,,,,,,,,,,,,,,,a131,3,3,3,,,
132,0,33,6,72,48,24,0,0,0,0,1,1,1,0.6,2,0,,,,,,,,,,,,,,,,,,,,,,a132,3,3,3,,,
133,0,35,12,108,72,60,6,1,2,1,1,0,1,0.6,1,0,,,,,,,,,,,,,,,,,,,,,,a133,3,3,3,,,
134,1,45,21,156,108,72,12,0,1,1,0,0,0,0.6,1,2,,,,,,,,,,,,,,,,,,,,,,a134,3,3,3,,,
135,0,30,4,36,24,12,0,0,0,1,0,1,0,0.6,1,1,,,,,,,,,,,,,,,,,,,,,,a135,3,3,2,,,
136,0,37,12,84,72,24,0,0,2,1,1,0,1,0.6,0,1,,,,,,,,,,,,,,,,,,,,,,a136,3,3,2,,,
137,0,31,5,60,60,60,0,0,1,1,1,1,0,1.73,2,1,,,,,,,,,,,,,,,,,,,,,,a137,3,3,3,,,
138,1,32,8,72,72,48,12,0,1,0,0,0,0,2.5,0,2,,,,,,,,,,,,,,,,,,,,,,a138,3,4,3,,,
139,1,29,6,48,36,12,0,1,0,1,1,0,0,0.6,0,1,,,,,,,,,,,,,,,,,,,,,,a139,3,2,3,,,
140,0,38,17,132,48,48,6,0,1,1,0,1,0,1.88,1,1,,,,,,,,,,,,,,,,,,,,,,a140,3,3,3,,,
141,1,31,8,72,72,48,0,1,1,0,0,1,0,0.6,2,0,,,,,,,,,,,,,,,,,,,,,,a141,3,3,3,,,
142,1,32,8,60,36,12,0,1,2,1,1,0,0,2.5,2,1,,,,,,,,,,,,,,,,,,,,,,a142,3,3,3,,,
143,1,31,5,48,48,48,0,1,0,1,1,0,0,0.6,0,2,,,,,,,,,,,,,,,,,,,,,,a143,3,3,3,,,
144,0,32,8,60,36,24,0,0,1,1,0,1,1,1.91,1,2,,,,,,,,,,,,,,,,,,,,,,a144,3,3,3,,,
145,0,35,6,72,36,24,0,1,0,1,0,0,1,1.65,0,1,,,,,,,,,,,,,,,,,,,,,,a145,3,3,3,,,
146,1,30,6,48,48,24,0,1,0,0,0,0,0,2.31,0,0,,,,,,,,,,,,,,,,,,,,,,a146,3,3,4,,,
147,0,31,5,72,60,48,0,0,1,1,0,0,0,0.6,2,0,,,,,,,,,,,,,,,,,,,,,,a147,3,3,3,,,
148,1,37,6,72,36,24,0,0,1,1,1,0,0,0.6,1,2,,,,,,,,,,,,,,,,,,,,,,a148,3,3,3,,,
149,0,40,15,132,36,36,0,0,2,0,1,1,1,2.5,2,1,,,,,,,,,,,,,,,,,,,,,,a149,3,3,2,,,
150,0,29,4,36,36,36,0,1,0,0,1,1,0,0.6,2,2,,,,,,,,,,,,,,,,,,,,,,a150,3,3,3,,,
151,1,34,6,60,36,36,0,0,1,1,0,0,1,0.6,0,1,,,,,,,,,,,,,,,,,,,,,,a151,3,3,3,,,
152,0,28,2,24,24,24,0,0,2,0,0,0,0,0.6,1,0,,,,,,,,,,,,,,,,,,,,,,a152,3,3,3,,,
153,1,36,12,96,36,36,6,0,2,1,1,0,1,0.6,0,0,,,,,,,,,,,,,,,,,,,,,,a153,3,2,3,,,
154,1,36,6,96,60,48,36,1,0,1,0,0,1,1.4,1,1,,,,,,,,,,,,,,,,,,,,,,a154,3,3,3,,,
155,1,30,9,60,36,24,0,0,0,0,0,1,1,0.6,0,2,,,,,,,,,,,,,,,,,,,,,,a155,3,3,3,,,
156,1,32,9,72,60,60,12,1,1,1,1,0,0,1.82,0,0,,,,,,,,,,,,,,,,,,,,,,a156,3,3,4,,,
157,0,37,6,72,72,60,48,1,2,1,0,1,0,0.6,2,2,,,,,,,,,,,,,,,,,,,,,,a157,3,3,2,,,
158,0,31,8,48,12,12,0,0,1,1,0,0,0,0.6,0,0,,,,,,,,,,,,,,,,,,,,,,a158,3,3,4,,,
159,1,27,4,36,36,36,0,0,0,1,0,0,1,2.5,2,1,,,,,,,,,,,,,,,,,,,,,,a159,3,3,3,,,
160,0,32,5,60,24,24,0,0,2,0,0,0,1,2.5,2,2,,,,,,,,,,,,,,,,,,,,,,a160,3,3,3,,,
161,0,33,7,72,60,36,0,0,1,0,1,0,1,1.3,2,1,,,,,,,,,,,,,,,,,,,,,,a161,3,2,3,,,
162,1,32,8,60,60,36,0,0,2,1,0,0,1,0.6,1,1,,,,,,,,,,,,,,,,,,,,,,a162,3,3,3,,,
163,1,34,4,72,36,36,0,1,1,0,0,1,0,1.01,1,0,,,,,,,,,,,,,,,,,,,,,,a163,3,3,4,,,
164,1,37,11,84,48,36,0,1,1,0,0,1,0,1.44,1,1,,,,,,,,,,,,,,,,,,,,,,a164,3,2,4,,,
165,1,30,5,48,24,24,0,0,0,1,1,1,0,0.6,0,0,,,,,,,,,,,,,,,,,,,,,,a165,3,3,3,,,
166,0,37,6,84,48,24,0,1,1,1,1,1,1,1.01,0,2,,,,,,,,,,,,,,,,,,,,,,a166,3,3,3,,,
167,1,28,2,24,24,24,0,1,0,1,1,1,1,0.6,1,1,,,,,,,,,,,,,,,,,,,,,,a167,3,3,3,,,
168,1,33,7,72,48,48,12,0,2,1,1,1,0,0.6,2,2,,,,,,,,,,,,,,,,,,,,,,a168,3,3,3,,,
169,1,45,20,276,204,96,24,0,2,1,1,0,1,1.72,2,2,,,,,,,,,,,,,,,,,,,,,,a169,3,3,3,,,
170,1,33,5,48,12,12,0,0,2,1,0,0,0,2.5,1,0,,,,,,,,,,,,,,,,,,,,,,a170,3,4,3,,,
171,1,32,7,48,36,24,0,0,2,1,1,1,1,0.6,0,0,,,,,,,,,,,,,,,,,,,,,,a171,3,3,4,,,
172,1,27,3,12,12,12,0,0,2,1,1,0,0,1.36,0,0,,,,,,,,,,,,,,,,,,,,,,a172,3,3,3,,,
173,0,34,8,60,48,36,0,0,2,1,1,0,1,2.5,0,0,,,,,,,,,,,,,,,,,,,,,,a173,3,2,2,,,
174,0,36,13,96,84,60,48,1,0,1,1,1,0,2.5,0,1,,,,,,,,,,,,,,,,,,,,,,a174,3,3,3,,,
175,1,32,4,60,60,48,0,0,2,1,0,0,0,0.6,0,0,,,,,,,,,,,,,,,,,,,,,,a175,3,3,3,,,
176,1,32,5,36,12,12,0,0,0,0,0,0,0,2.5,0,2,,,,,,,,,,,,,,,,,,,,,,a176,3,3,2,,,
177,0,34,7,36,24,12,0,0,2,0,1,1,0,1.83,1,0,,,,,,,,,,,,,,,,,,,,,,a177,3,3,3,,,
178,0,29,7,72,60,48,0,1,0,1,1,0,1,2.5,0,1,,,,,,,,,,,,,,,,,,,,,,a178,3,3,3,,,
179,0,30,8,36,36,12,0,0,0,0,1,0,0,1,2,1,,,,,,,,,,,,,,,,,,,,,,a179,3,2,3,,,
180,0,33,5,36,24,12,0,1,2,1,1,1,1,2.5,0,1,,,,,,,,,,,,,,,,,,,,,,a180,3,3,3,,,
181,0,34,7,48,12,12,0,1,2,0,0,0,1,2.5,1,1,,,,,,,,,,,,,,,,,,,,,,a181,3,3,3,,,
182,1,28,4,12,12,12,0,0,1,0,0,0,1,0.6,2,2,,,,,,,,,,,,,,,,,,,,,,a182,3,3,4,,,
183,0,34,5,72,48,48,24,0,2,1,0,1,1,2.5,2,2,,,,,,,,,,,,,,,,,,,,,,a183,3,3,3,,,
184,0,32,9,60,36,24,0,1,2,1,0,0,1,2.5,1,1,,,,,,,,,,,,,,,,,,,,,,a184,3,3,3,,,
185,0,39,18,120,36,36,0,0,2,0,0,1,1,0.6,1,0,,,,,,,,,,,,,,,,,,,,,,a185,3,3,3,,,
186,0,33,5,36,24,24,0,0,2,1,0,1,0,2.5,0,0,,,,,,,,,,,,,,,,,,,,,,a186,3,3,3,,,
187,1,29,9,60,36,12,0,0,2,0,0,0,0,1.89,2,1,,,,,,,,,,,,,,,,,,,,,,a187,3,3,3,,,
188,1,36,10,108,60,48,6,1,1,1,0,0,1,0.6,0,0,,,,,,,,,,,,,,,,,,,,,,a188,3,3,3,,,
189,0,31,5,72,48,24,0,1,0,0,1,0,0,1.74,0,1,,,,,,,,,,,,,,,,,,,,,,a189,3,3,3,,,
190,1,33,4,36,12,12,0,1,1,0,1,0,0,0.6,1,2,,,,,,,,,,,,,,,,,,,,,,a190,3,3,3,,,
191,1,30,8,60,60,48,0,1,2,1,0,1,1,2.5,2,1,,,,,,,,,,,,,,,,,,,,,,a191,3,3,3,,,
192,1,32,7,36,12,12,0,1,2,0,0,1,1,2,0,2,,,,,,,,,,,,,,,,,,,,,,a192,3,3,3,,,
193,0,39,19,156,132,48,0,1,2,0,1,1,0,1,0,1,,,,,,,,,,,,,,,,,,,,,,a193,3,3,3,,,
194,1,29,7,48,12,12,0,0,0,0,1,1,0,0.6,2,1,,,,,,,,,,,,,,,,,,,,,,a194,3,3,3,,,
195,0,35,8,84,60,24,0,0,2,0,0,0,0,2.5,1,1,,,,,,,,,,,,,,,,,,,,,,a195,3,3,3,,,
196,1,24,3,24,12,12,0,0,2,1,1,0,0,2.5,2,1,,,,,,,,,,,,,,,,,,,,,,a196,3,3,3,,,
197,1,31,5,72,36,36,0,1,1,1,0,1,0,0.6,0,0,,,,,,,,,,,,,,,,,,,,,,a197,3,3,3,,,
198,0,30,8,36,12,12,0,1,1,1,1,0,0,0.6,0,1,,,,,,,,,,,,,,,,,,,,,,a198,3,3,3,,,
199,0,35,9,84,84,36,6,1,0,1,1,1,0,2.5,0,0,,,,,,,,,,,,,,,,,,,,,,a199,3,3,3,,,
200,1,33,6,60,36,36,0,1,1,0,0,1,0,2.5,2,0,,,,,,,,,,,,,,,,,,,,,,a200,3,3,3,,,
201,1,30,4,72,72,60,12,1,1,1,0,1,1,2.3,2,0,,,,,,,,,,,,,,,,,,,,,,a201,3,3,3,,,
202,0,33,9,72,60,48,6,0,2,0,0,0,1,0.6,1,0,,,,,,,,,,,,,,,,,,,,,,a202,3,3,3,,,
203,0,33,7,60,48,48,0,0,1,1,1,1,1,0.6,1,2,,,,,,,,,,,,,,,,,,,,,,a203,3,3,3,,,
204,0,29,5,48,36,12,0,1,2,1,0,1,0,0.6,2,0,,,,,,,,,,,,,,,,,,,,,,a204,3,2,3,,,
205,0,23,3,24,12,12,0,0,0,1,1,0,1,2.5,0,1,,,,,,,,,,,,,,,,,,,,,,a205,3,3,2,,,
206,0,32,6,60,60,48,12,0,2,1,1,1,0,0.6,2,0,,,,,,,,,,,,,,,,,,,,,,a206,3,3,3,,,
207,1,27,4,24,12,12,0,0,2,0,0,0,0,1.45,1,0,,,,,,,,,,,,,,,,,,,,,,a207,3,3,4,,,
208,0,34,5,36,12,12,0,1,0,1,1,1,0,2.1,0,2,,,,,,,,,,,,,,,,,,,,,,a208,3,3,3,,,
209,0,34,7,72,60,48,24,1,0,1,0,1,0,0.6,2,0,,,,,,,,,,,,,,,,,,,,,,a209,3,3,3,,,
210,0,29,7,36,36,24,0,0,1,1,0,1,1,0.6,2,1,,,,,,,,,,,,,,,,,,,,,,a210,3,4,3,,,
211,1,32,9,60,24,24,12,0,1,1,0,1,0,2.5,2,1,,,,,,,,,,,,,,,,,,,,,,a211,3,3,3,,,
212,1,31,9,36,36,36,0,0,1,1,1,0,0,0.6,2,2,,,,,,,,,,,,,,,,,,,,,,a212,3,3,3,,,
213,1,27,2,12,12,12,0,1,1,0,0,0,1,0.6,2,0,,,,,,,,,,,,,,,,,,,,,,a213,4,3,3,,,
214,1,41,14,132,96,96,12,0,2,1,0,0,0,0.6,1,2,,,,,,,,,,,,,,,,,,,,,,a214,4,3,3,,,
215,0,30,6,36,36,12,0,0,2,1,0,1,0,2.5,2,2,,,,,,,,,,,,,,,,,,,,,,a215,4,4,4,,,
216,0,37,10,72,24,24,0,1,2,0,1,1,0,2.27,0,1,,,,,,,,,,,,,,,,,,,,,,a216,4,4,4,,,
217,1,37,9,108,48,12,0,0,1,1,1,0,0,0.6,0,0,,,,,,,,,,,,,,,,,,,,,,a217,4,4,4,,,
218,0,38,21,132,84,36,6,1,1,0,0,0,1,2.5,1,2,,,,,,,,,,,,,,,,,,,,,,a218,4,4,4,,,
219,1,31,7,72,60,36,0,0,1,1,0,1,0,1.24,1,0,,,,,,,,,,,,,,,,,,,,,,a219,4,4,4,,,
220,0,34,7,48,24,24,0,1,1,1,1,0,1,1.13,0,0,,,,,,,,,,,,,,,,,,,,,,a220,4,4,4,,,
221,1,36,13,108,108,72,6,0,1,0,0,1,0,0.6,0,0,,,,,,,,,,,,,,,,,,,,,,a221,4,4,4,,,
222,1,31,5,48,12,12,0,0,2,1,1,0,1,1.77,2,2,,,,,,,,,,,,,,,,,,,,,,a222,4,4,4,,,
223,0,27,4,24,12,12,0,0,1,1,0,0,1,0.6,0,0,,,,,,,,,,,,,,,,,,,,,,a223,4,4,4,,,
224,0,36,8,96,36,24,0,0,2,1,1,0,0,2.5,2,1,,,,,,,,,,,,,,,,,,,,,,a224,4,4,4,,,
225,0,28,2,12,12,12,0,1,1,1,0,0,0,0.6,2,1,,,,,,,,,,,,,,,,,,,,,,a225,4,4,4,,,
226,1,32,6,48,36,24,0,0,1,1,1,1,0,0.6,1,2,,,,,,,,,,,,,,,,,,,,,,a226,4,4,4,,,
227,0,31,8,48,36,24,0,0,0,1,0,1,1,2.5,2,1,,,,,,,,,,,,,,,,,,,,,,a227,4,4,4,,,
228,0,31,8,48,36,36,0,1,0,1,0,0,0,2.5,0,1,,,,,,,,,,,,,,,,,,,,,,a228,4,4,4,,,
229,1,29,9,48,24,24,0,0,1,0,1,0,1,1.15,1,0,,,,,,,,,,,,,,,,,,,,,,a229,4,4,4,,,
230,1,36,9,108,84,36,0,1,1,1,0,1,0,1.29,0,1,,,,,,,,,,,,,,,,,,,,,,a230,4,3,4,,,
231,1,27,2,12,12,12,0,0,1,1,1,0,1,0.6,1,2,,,,,,,,,,,,,,,,,,,,,,a231,4,4,4,,,
232,1,32,7,48,48,36,12,1,0,0,1,1,0,1.9,0,2,,,,,,,,,,,,,,,,,,,,,,a232,4,5,5,,,
233,1,28,3,24,24,12,0,1,0,0,1,1,1,0.6,1,1,,,,,,,,,,,,,,,,,,,,,,a233,4,4,4,,,
234,0,26,2,36,36,36,0,0,0,0,0,1,0,1.66,2,1,,,,,,,,,,,,,,,,,,,,,,a234,4,4,4,,,
235,1,31,7,36,12,12,0,0,0,0,0,1,1,1.22,1,1,,,,,,,,,,,,,,,,,,,,,,a235,4,4,4,,,
236,0,32,4,36,24,12,0,0,1,0,1,1,1,0.6,1,1,,,,,,,,,,,,,,,,,,,,,,a236,4,4,4,,,
237,0,25,2,12,12,12,0,1,0,0,1,0,0,0.6,0,1,,,,,,,,,,,,,,,,,,,,,,a237,4,4,4,,,
238,1,33,4,36,36,24,0,0,0,0,0,1,1,2.5,1,0,,,,,,,,,,,,,,,,,,,,,,a238,4,4,4,,,
239,0,37,9,96,60,60,0,1,0,1,1,1,1,2.5,1,2,,,,,,,,,,,,,,,,,,,,,,a239,4,4,4,,,
240,1,33,9,48,36,36,0,0,2,1,0,1,0,0.6,1,1,,,,,,,,,,,,,,,,,,,,,,a240,4,4,4,,,
241,1,28,4,24,12,12,0,0,1,1,1,1,0,2.5,2,0,,,,,,,,,,,,,,,,,,,,,,a241,4,4,4,,,
242,0,42,17,264,264,192,6,0,1,1,1,1,1,2.5,0,1,,,,,,,,,,,,,,,,,,,,,,a242,4,4,4,,,
243,1,25,4,36,36,24,0,1,2,0,1,1,0,0.6,2,1,,,,,,,,,,,,,,,,,,,,,,a243,4,4,4,,,
244,1,36,7,108,60,48,12,1,0,1,1,0,0,0.6,1,1,,,,,,,,,,,,,,,,,,,,,,a244,4,4,4,,,
245,1,29,9,36,24,12,0,1,0,1,0,1,0,0.6,2,2,,,,,,,,,,,,,,,,,,,,,,a245,4,4,4,,,
246,0,37,7,108,48,48,0,1,0,1,1,1,1,2.5,2,2,,,,,,,,,,,,,,,,,,,,,,a246,4,4,4,,,
247,1,36,5,108,60,48,36,0,2,0,0,0,0,1.38,1,2,,,,,,,,,,,,,,,,,,,,,,a247,4,4,4,,,
248,0,38,8,132,120,108,96,1,0,1,1,0,0,0.6,0,2,,,,,,,,,,,,,,,,,,,,,,a248,4,4,4,,,
249,0,28,2,24,12,12,0,0,0,1,1,0,1,1.31,0,2,,,,,,,,,,,,,,,,,,,,,,a249,4,5,4,,,
250,1,32,4,72,36,24,0,0,2,1,0,1,1,0.6,2,0,,,,,,,,,,,,,,,,,,,,,,a250,4,4,4,,,
251,1,47,28,288,264,204,6,0,0,0,0,0,0,2.5,2,1,,,,,,,,,,,,,,,,,,,,,,a251,4,4,4,,,
252,0,32,8,72,60,48,12,0,1,1,0,0,1,1.63,0,1,,,,,,,,,,,,,,,,,,,,,,a252,4,4,4,,,
253,0,27,3,36,36,24,0,1,2,0,1,1,1,0.6,0,2,,,,,,,,,,,,,,,,,,,,,,a253,4,4,4,,,
254,1,29,6,36,12,12,0,0,2,0,1,1,0,0.6,1,1,,,,,,,,,,,,,,,,,,,,,,a254,4,3,4,,,
255,0,38,13,120,96,24,0,1,1,0,1,1,1,0.6,1,2,,,,,,,,,,,,,,,,,,,,,,a255,4,4,4,,,
256,1,34,9,72,60,48,0,1,1,0,0,0,1,1.06,2,2,,,,,,,,,,,,,,,,,,,,,,a256,4,4,4,,,
257,0,40,18,144,72,36,0,1,2,1,1,0,1,0.6,0,1,,,,,,,,,,,,,,,,,,,,,,a257,4,4,4,,,
258,0,33,9,36,12,12,0,0,2,1,0,1,1,1.38,1,0,,,,,,,,,,,,,,,,,,,,,,a258,4,4,4,,,
259,1,30,4,60,24,12,0,0,1,0,1,0,1,1.83,1,2,,,,,,,,,,,,,,,,,,,,,,a259,4,4,4,,,
260,1,36,11,84,48,12,0,0,0,0,1,0,1,1.85,1,1,,,,,,,,,,,,,,,,,,,,,,a260,4,4,3,,,
261,0,34,7,60,36,12,0,1,0,0,0,0,0,1.6,2,0,,,,,,,,,,,,,,,,,,,,,,a261,4,4,4,,,
262,0,37,7,96,48,36,0,0,2,1,0,1,0,0.6,0,1,,,,,,,,,,,,,,,,,,,,,,a262,4,4,4,,,
263,1,29,5,48,36,36,0,0,1,0,0,0,1,1.53,0,2,,,,,,,,,,,,,,,,,,,,,,a263,4,3,5,,,
264,1,34,5,72,48,48,0,1,1,0,0,0,1,1.26,1,1,,,,,,,,,,,,,,,,,,,,,,a264,4,4,4,,,
265,0,25,4,24,24,12,0,1,1,0,1,1,1,0.6,2,0,,,,,,,,,,,,,,,,,,,,,,a265,4,4,4,,,
266,1,30,7,48,12,12,0,0,1,0,1,0,0,0.6,0,2,,,,,,,,,,,,,,,,,,,,,,a266,4,4,4,,,
267,1,29,6,48,24,24,0,0,1,1,0,0,1,1.64,2,1,267,29,6,48,24,24,0,0,1,1,0,0,1,1.64,2,1,,,,,,a267,4,4,4,,,
268,1,24,3,24,24,24,0,1,0,0,0,0,0,0.6,1,1,268,24,3,24,24,24,0,1,0,0,0,0,1,0.6,1,1,,,,,,a268,4,4,4,,,
269,0,40,19,156,72,24,0,0,1,0,1,0,0,0.6,2,2,269,40,19,156,72,24,0,0,1,0,1,0,0,0.6,2,2,,,,,,a269,4,4,4,,,
270,0,28,2,24,24,12,0,0,2,0,0,1,0,2.5,0,2,270,28,2,24,24,12,0,0,2,0,0,1,0,2.5,0,2,,,,,,a270,4,5,4,,,
271,1,31,6,36,24,24,0,0,0,1,0,1,1,2.5,0,0,271,31,6,36,24,24,0,0,0,1,0,1,0,2.5,0,0,,,,,,a271,4,4,4,,,
272,0,30,6,48,36,36,0,1,0,0,1,1,1,1.92,0,2,272,30,6,48,36,36,0,1,0,0,1,1,1,1.92,0,2,,,,,,a272,4,4,4,,,
273,0,36,8,84,60,60,48,1,2,0,1,0,1,2.5,1,2,273,36,8,84,60,60,48,1,2,0,1,0,1,2.5,1,2,,,,,,a273,4,4,4,,,
274,1,32,8,72,48,48,12,1,2,0,1,0,0,0.6,2,0,274,32,8,72,48,48,12,1,2,0,1,0,0,0.6,2,0,,,,,,a274,4,4,4,,,
275,1,41,11,120,84,60,24,1,0,1,0,1,0,2.5,0,1,275,41,11,120,84,60,24,1,0,1,0,1,0,2.5,0,1,,,,,,a275,4,4,4,,,
276,0,33,6,72,36,24,0,0,2,0,1,0,1,0.6,2,2,276,33,6,72,36,24,0,0,2,0,1,0,0,0.6,2,2,,,,,,a276,4,4,4,,,
277,1,36,12,72,36,24,0,1,2,0,1,0,0,0.6,1,0,277,36,12,72,36,24,0,1,2,0,1,0,1,0.6,1,0,,,,,,a277,4,4,4,,,
278,1,37,13,96,72,36,0,1,1,0,1,1,0,1.71,1,0,278,37,13,96,72,36,0,1,1,0,1,1,0,1.71,1,0,,,,,,a278,4,4,4,,,
279,1,27,2,12,12,12,0,0,2,0,1,1,0,2.5,0,2,279,27,2,12,12,12,0,0,2,0,1,1,0,2.5,0,2,,,,,,a279,4,4,4,,,
280,1,32,4,48,48,24,0,1,2,0,1,0,1,0.6,1,0,280,32,4,48,48,24,0,1,2,0,1,0,0,0.6,1,0,,,,,,a280,4,4,4,,,
281,0,34,8,60,36,12,0,1,2,0,1,0,1,0.6,1,0,281,34,8,60,36,12,0,1,2,0,1,0,1,0.6,1,0,,,,,,a281,4,4,4,,,
282,0,31,5,36,12,12,0,1,2,0,1,0,0,2.5,2,1,282,31,5,36,12,12,0,1,2,0,1,0,1,2.5,2,1,,,,,,a282,4,4,4,,,
283,1,31,6,48,48,36,0,1,2,0,0,0,0,2.5,1,1,283,31,6,48,48,36,0,1,2,0,0,0,1,2.5,1,1,,,,,,a283,4,4,3,,,
284,1,31,4,48,24,12,0,0,0,1,1,0,1,2.5,2,0,284,31,4,48,24,12,0,0,0,1,1,0,1,2.5,2,0,,,,,,a284,4,4,4,,,
285,1,41,21,120,96,84,48,0,2,1,0,0,0,0.6,0,1,285,41,21,120,96,84,48,0,2,1,0,0,1,0.6,0,1,,,,,,a285,4,4,4,,,
286,0,28,4,36,36,24,0,1,2,0,0,1,0,2.5,0,1,286,28,4,36,36,24,0,1,2,0,0,1,0,2.5,0,1,,,,,,a286,4,4,4,,,
287,1,30,7,60,24,12,0,1,0,0,0,1,1,1.85,2,2,287,30,7,60,24,12,0,1,0,0,0,1,1,1.85,2,2,,,,,,a287,4,4,4,,,
288,0,23,3,36,36,36,0,1,1,1,1,0,0,0.6,0,1,288,23,3,36,36,36,0,1,1,1,1,0,1,0.6,0,1,,,,,,a288,4,4,4,,,
289,1,28,2,24,12,12,0,0,0,1,0,0,0,0.6,1,1,289,28,2,24,12,12,0,0,0,1,0,0,1,0.6,1,1,,,,,,a289,4,4,4,,,
290,1,30,5,72,72,72,0,0,1,1,0,1,1,2.5,1,2,290,30,5,72,72,72,0,0,1,1,0,1,0,2.5,1,2,,,,,,a290,4,4,4,,,
291,0,46,25,252,168,156,24,0,0,0,1,1,1,2.5,2,1,291,46,25,252,168,156,24,0,0,0,1,1,1,2.5,2,1,,,,,,a291,4,4,4,,,
292,1,32,8,48,12,12,0,1,1,0,0,0,0,2.5,0,1,292,32,8,48,12,12,0,1,1,0,0,0,1,2.5,0,1,,,,,,a292,4,4,4,,,
293,0,26,3,36,24,24,0,0,0,0,0,0,0,0.6,2,2,293,26,3,36,24,24,0,0,0,0,0,0,1,0.6,2,2,,,,,,a293,4,4,4,,,
294,1,22,4,36,24,12,0,0,2,0,0,1,0,0.6,1,2,294,22,4,36,24,12,0,0,2,0,0,1,0,0.6,1,2,,,,,,a294,4,4,4,,,
295,1,28,4,12,12,12,0,0,0,1,0,0,0,2.5,1,0,295,28,4,12,12,12,0,0,0,1,0,0,0,2.5,1,0,,,,,,a295,4,4,3,,,
296,1,25,2,12,12,12,0,1,1,1,1,0,0,1.58,0,0,296,25,2,12,12,12,0,1,1,1,1,0,0,1.58,0,0,,,,,,a296,4,4,4,,,
297,1,34,4,72,36,12,0,0,2,0,1,1,1,0.6,2,0,297,34,4,72,36,12,0,0,2,0,1,1,1,0.6,2,0,,,,,,a297,4,5,4,,,
298,0,34,6,48,48,24,0,1,2,1,0,0,0,2.5,1,0,298,34,6,48,48,24,0,1,2,1,0,0,0,2.5,1,0,,,,,,a298,4,4,3,,,
299,0,24,2,12,12,12,0,1,1,0,0,0,1,0.6,2,2,299,24,2,12,12,12,0,1,1,0,0,0,1,0.6,2,2,,,,,,a299,4,4,4,,,
300,0,37,10,72,36,24,0,0,0,1,1,0,1,0.6,2,1,300,37,10,72,36,24,0,0,0,1,1,0,0,0.6,2,1,,,,,,a300,4,4,3,,,
301,1,29,7,72,60,48,0,1,0,1,0,0,1,2.5,2,0,301,29,7,72,60,48,0,1,0,1,0,0,1,2.5,2,0,,,,,,a301,4,4,4,,,
302,0,33,9,72,72,72,6,1,1,1,1,1,1,0.6,0,0,302,33,9,72,72,72,6,1,1,1,1,1,0,0.6,0,0,,,,,,a302,4,4,4,,,
303,0,31,4,60,48,48,0,0,0,1,1,0,0,0.6,0,1,303,31,4,60,48,48,0,0,0,1,1,0,0,0.6,0,1,,,,,,a303,4,4,4,,,
304,0,27,2,24,24,24,0,0,0,0,1,1,1,0.6,0,1,304,27,2,24,24,24,0,0,0,0,1,1,0,0.6,0,1,,,,,,a304,4,4,5,,,
305,0,35,5,96,36,36,0,1,0,0,1,1,0,0.6,0,1,305,35,5,96,36,36,0,1,0,0,1,1,0,0.6,0,1,,,,,,a305,4,4,5,,,
306,1,37,8,96,60,48,0,1,1,1,0,1,1,2.5,1,2,306,37,8,96,60,48,0,1,1,1,0,1,1,2.5,1,2,,,,,,a306,4,4,4,,,
307,0,48,20,168,84,36,0,0,0,1,0,0,1,1.87,0,2,307,48,20,168,84,36,0,0,0,1,0,0,1,1.87,0,2,,,,,,a307,4,4,4,,,
308,1,22,2,36,36,24,0,1,0,0,0,0,1,2.5,0,1,308,22,2,36,36,24,0,1,0,0,0,0,1,2.5,0,1,,,,,,a308,5,4,4,,,
309,1,32,4,48,12,12,0,0,2,0,1,0,1,0.6,0,1,309,32,4,48,12,12,0,0,2,0,1,0,0,0.6,0,1,,,,,,a309,5,5,5,,,
310,0,32,5,36,24,24,0,1,0,1,0,1,1,0.6,1,2,310,32,5,36,24,24,0,1,0,1,0,1,1,0.6,1,2,,,,,,a310,5,5,5,,,
311,1,36,9,84,36,24,0,0,1,1,0,0,1,0.6,2,0,311,36,9,84,36,24,0,0,1,1,0,0,1,0.6,2,0,,,,,,a311,5,4,5,,,
312,0,31,6,72,60,60,0,1,1,0,0,0,0,0.6,1,2,312,31,6,72,60,60,0,1,1,0,0,0,1,0.6,1,2,,,,,,a312,5,5,5,,,
313,0,37,7,108,60,48,0,0,2,1,1,1,0,0.6,1,1,313,37,7,108,60,48,0,0,2,1,1,1,0,0.6,1,1,,,,,,a313,5,5,4,,,
314,1,32,5,48,24,24,0,1,2,1,1,0,1,1.25,2,2,314,32,5,48,24,24,0,1,2,1,1,0,0,1.25,2,2,,,,,,a314,5,6,4,,,
315,1,31,5,36,36,36,0,1,2,1,0,1,0,0.6,0,0,315,31,5,36,36,36,0,1,2,1,0,1,0,0.6,0,0,,,,,,a315,5,5,5,,,
316,0,29,7,72,72,48,0,1,0,1,0,1,1,2.5,0,2,316,29,7,72,72,48,0,1,0,1,0,1,0,2.5,0,2,,,,,,a316,5,5,5,,,
317,1,33,7,60,60,36,0,0,1,1,0,1,1,0.6,0,1,317,33,7,60,60,36,0,0,1,1,0,1,1,0.6,0,1,,,,,,a317,5,5,5,,,
318,1,32,8,48,24,24,12,1,2,0,1,0,1,1.09,2,1,318,32,8,48,24,24,12,1,2,0,1,0,0,1.09,2,1,,,,,,a318,5,5,5,,,
319,1,35,10,108,108,72,6,0,1,0,0,0,1,1.4,1,2,319,35,10,108,108,72,6,0,1,0,0,0,1,1.4,1,2,,,,,,a319,5,5,5,,,
320,1,29,9,36,12,12,0,0,1,1,0,1,0,2.5,1,2,320,29,9,36,12,12,0,0,1,1,0,1,0,2.5,1,2,,,,,,a320,5,5,5,,,
321,0,36,7,108,60,36,0,0,1,1,1,1,0,2.5,0,2,321,36,7,108,60,36,0,0,1,1,1,1,0,2.5,0,2,,,,,,a321,5,5,5,,,
322,1,31,6,72,60,36,0,1,2,1,0,1,0,1.45,2,2,322,31,6,72,60,36,0,1,2,1,0,1,1,1.45,2,2,,,,,,a322,5,5,5,,,
323,0,35,12,84,24,24,0,1,1,0,0,0,1,2.35,1,1,323,35,12,84,24,24,0,1,1,0,0,0,1,2.35,1,1,,,,,,a323,5,5,5,,,
324,0,36,7,96,36,24,0,0,0,0,1,0,0,0.6,1,1,324,36,7,96,36,24,0,0,0,0,1,0,0,0.6,1,1,,,,,,a324,5,5,5,,,
325,1,33,8,48,24,24,0,1,1,1,1,1,1,1.97,2,1,325,33,8,48,24,24,0,1,1,1,1,1,0,1.97,2,1,,,,,,a325,5,5,5,,,
326,1,29,5,36,12,12,0,0,0,0,0,1,1,1.81,0,2,326,29,5,36,12,12,0,0,0,0,0,1,1,1.81,0,2,,,,,,a326,5,5,5,,,
327,1,33,9,60,24,24,0,0,1,1,1,1,0,0.6,0,0,327,33,9,60,24,24,0,0,1,1,1,1,0,0.6,0,0,,,,,,a327,5,5,5,,,
328,0,36,7,96,48,48,36,1,0,0,0,0,1,0.6,2,1,328,36,7,96,48,48,36,1,0,0,0,0,0,0.6,2,1,,,,,,a328,5,5,5,,,
329,0,31,6,36,24,24,0,1,0,0,1,0,1,0.6,2,0,329,31,6,36,24,24,0,1,0,0,1,0,1,0.6,2,0,,,,,,a329,5,5,5,,,
330,0,31,6,72,72,60,0,0,0,1,0,1,0,1.13,1,1,330,31,6,72,72,60,0,0,0,1,0,1,1,1.13,1,1,,,,,,a330,5,5,4,,,
331,0,31,8,48,36,12,0,0,0,0,0,1,1,0.6,0,0,331,31,8,48,36,12,0,0,0,0,0,1,0,0.6,0,0,,,,,,a331,5,5,5,,,
332,0,41,10,156,84,72,12,0,0,1,1,0,1,2.5,1,0,332,41,10,156,84,72,12,0,0,1,1,0,1,2.5,1,0,,,,,,a332,5,5,5,,,
333,1,35,9,72,36,24,0,1,1,1,0,0,0,0.6,1,0,333,35,9,72,36,24,0,1,1,1,0,0,1,0.6,1,0,,,,,,a333,5,5,6,,,
334,1,31,6,60,36,36,0,0,1,0,1,0,0,2.44,1,1,334,31,6,60,36,36,0,0,1,0,1,0,0,2.44,1,1,,,,,,a334,5,5,5,,,
335,1,29,5,60,36,24,0,0,1,1,0,0,1,1.27,2,2,335,29,5,60,36,24,0,0,1,1,0,0,1,1.27,2,2,,,,,,a335,5,5,5,,,
336,1,37,12,84,84,84,36,0,1,0,1,1,0,1.53,0,0,336,37,12,84,84,84,36,0,1,0,1,1,1,1.53,0,0,,,,,,a336,5,5,6,,,
337,0,40,14,156,132,108,12,1,2,0,0,1,1,0.6,0,1,337,40,14,156,132,108,12,1,2,0,0,1,1,0.6,0,1,,,,,,a337,5,4,5,,,
338,0,34,6,60,36,12,0,1,1,0,0,1,1,0.6,0,1,338,34,6,60,36,12,0,1,1,0,0,1,0,0.6,0,1,,,,,,a338,5,5,6,,,
339,1,37,12,96,72,12,0,0,2,0,0,1,0,0.6,1,1,339,37,12,96,72,12,0,0,2,0,0,1,0,0.6,1,1,,,,,,a339,5,6,5,,,
340,0,30,9,48,48,36,0,1,0,0,1,1,1,2.06,1,1,340,30,9,48,48,36,0,1,0,0,1,1,1,2.06,1,1,,,,,,a340,5,5,5,,,
341,0,29,4,60,60,36,0,1,1,0,0,0,0,0.6,0,0,341,29,4,60,60,36,0,1,1,0,0,0,1,0.6,0,0,,,,,,a341,5,5,6,,,
342,0,32,4,60,36,36,0,1,0,1,0,0,0,0.6,1,0,342,32,4,60,36,36,0,1,0,1,0,0,1,0.6,1,0,,,,,,a342,5,5,5,,,
343,0,36,12,84,48,24,0,1,2,1,0,1,0,0.6,2,0,343,36,12,84,48,24,0,1,2,1,0,1,1,0.6,2,0,,,,,,a343,5,5,5,,,
344,1,36,8,72,72,48,24,0,1,0,0,0,0,2.5,0,1,344,36,8,72,72,48,24,0,1,0,0,0,0,2.5,0,1,,,,,,a344,5,5,5,,,
345,1,32,7,72,60,48,0,0,0,1,1,1,1,1.23,1,2,345,32,7,72,60,48,0,0,0,1,1,1,0,1.23,1,2,,,,,,a345,5,5,5,,,
346,0,35,5,108,60,36,0,1,0,1,1,1,1,2.18,2,2,346,35,5,108,60,36,0,1,0,1,1,1,1,2.18,2,2,,,,,,a346,5,5,5,,,
347,1,25,4,24,24,24,0,0,1,0,1,0,0,0.6,0,2,347,25,4,24,24,24,0,0,1,0,1,0,0,0.6,0,2,,,,,,a347,5,5,5,,,
348,1,28,3,24,12,12,0,1,2,1,0,1,0,0.6,1,0,348,28,3,24,12,12,0,1,2,1,0,1,0,0.6,1,0,,,,,,a348,5,5,5,,,
349,1,25,4,24,24,12,0,0,0,0,1,0,1,2.5,0,0,349,25,4,24,24,12,0,0,0,0,1,0,0,2.5,0,0,,,,,,a349,5,5,5,,,
350,1,31,4,60,48,24,0,0,1,1,0,1,1,2.5,0,2,350,31,4,60,48,24,0,0,1,1,0,1,0,2.5,0,2,,,,,,a350,5,5,5,,,
351,0,28,2,12,12,12,0,0,2,1,1,1,0,2.5,0,1,351,28,2,12,12,12,0,0,2,1,1,1,0,2.5,0,1,,,,,,a351,5,5,5,,,
352,0,37,7,108,48,24,0,0,0,1,1,1,1,2.16,2,1,352,37,7,108,48,24,0,0,0,1,1,1,0,2.16,2,1,,,,,,a352,5,5,5,,,
353,0,37,6,96,60,48,0,1,1,1,0,1,1,0.6,0,1,353,37,6,96,60,48,0,1,1,1,0,1,0,0.6,0,1,,,,,,a353,5,5,5,,,
354,1,32,7,48,12,12,0,0,0,0,1,0,1,0.6,1,0,354,32,7,48,12,12,0,0,0,0,1,0,1,0.6,1,0,,,,,,a354,5,5,5,,,
355,0,50,35,192,120,72,12,1,2,1,0,1,1,2.05,0,2,355,50,35,192,120,72,12,1,2,1,0,1,1,2.05,0,2,,,,,,a355,5,5,5,,,
356,0,25,2,36,36,24,0,0,2,0,1,1,0,0.6,1,2,356,25,2,36,36,24,0,0,2,0,1,1,0,0.6,1,2,,,,,,a356,5,5,5,,,
357,0,29,6,72,36,24,0,0,1,1,1,1,1,0.6,2,2,357,29,6,72,36,24,0,0,1,1,1,1,0,0.6,2,2,,,,,,a357,5,5,5,,,
358,0,34,7,48,24,12,0,1,1,0,1,1,0,1.65,1,1,358,34,7,48,24,12,0,1,1,0,1,1,0,1.65,1,1,,,,,,a358,5,5,5,,,
359,0,32,7,60,36,36,0,0,0,0,1,1,1,1.18,0,1,359,32,7,60,36,36,0,0,0,0,1,1,1,1.18,0,1,,,,,,a359,5,5,5,,,
360,1,32,8,36,24,24,0,1,1,0,1,0,0,2,0,0,360,32,8,36,24,24,0,1,1,0,1,0,0,2,0,0,,,,,,a360,5,5,5,,,
361,1,37,8,72,36,24,0,0,2,0,0,1,1,0.6,2,0,361,37,8,72,36,24,0,0,2,0,0,1,1,0.6,2,0,,,,,,a361,5,5,5,,,
362,1,31,9,60,60,48,0,0,0,1,0,1,1,1.69,2,2,362,31,9,60,60,48,0,0,0,1,0,1,0,1.69,2,2,,,,,,a362,5,5,5,,,
363,0,37,12,84,24,24,0,0,0,1,1,0,0,2.5,2,2,363,37,12,84,24,24,0,0,0,1,1,0,1,2.5,2,2,,,,,,a363,5,5,5,,,
364,0,35,10,72,72,48,24,0,2,0,1,0,1,2.5,0,2,364,35,10,72,72,48,24,0,2,0,1,0,1,2.5,0,2,,,,,,a364,5,5,6,,,
365,0,35,5,72,12,12,0,0,1,0,1,0,0,1.56,2,2,365,35,5,72,12,12,0,0,1,0,1,0,1,1.56,2,2,,,,,,a365,5,5,5,,,
366,1,33,7,60,24,12,0,1,2,0,0,1,0,2.17,1,1,366,33,7,60,24,12,0,1,2,0,0,1,0,2.17,1,1,,,,,,a366,5,5,5,,,
367,0,36,13,84,72,72,48,0,0,1,0,0,1,2.5,0,0,367,36,13,84,72,72,48,0,0,1,0,0,0,2.5,0,0,,,,,,a367,5,5,5,,,
368,1,29,8,72,72,60,0,0,2,0,0,0,1,2.5,1,1,368,29,8,72,72,60,0,0,2,0,0,0,0,2.5,1,1,,,,,,a368,5,5,5,,,
369,1,28,4,36,24,12,0,1,0,1,1,1,0,0.6,2,1,369,28,4,36,24,12,0,1,0,1,1,1,1,0.6,2,1,,,,,,a369,5,6,5,,,
370,1,33,9,48,24,24,0,1,1,0,1,1,1,0.6,1,0,370,33,9,48,24,24,0,1,1,0,1,1,1,0.6,1,0,,,,,,a370,5,6,5,,,
371,1,30,4,36,36,24,0,0,0,0,0,1,1,0.6,2,2,371,27,6,36,24,24,0,1,0,0,1,1,1,0.6,1,2,,,,,,a371,5,5,5,,,
372,0,37,8,96,96,60,12,0,0,1,1,0,1,0.6,1,1,372,32,8,36,24,12,0,0,0,0,0,0,1,0.6,0,1,,,,,,a372,5,5,5,,,
373,1,34,8,36,36,12,0,0,2,1,0,0,1,2.5,2,2,373,34,4,36,36,36,0,0,0,1,1,1,0,0.6,2,2,,,,,,a373,5,5,5,,,
374,1,37,11,84,48,48,12,1,1,0,1,1,0,0.6,0,0,374,37,7,60,24,24,0,0,1,0,0,1,1,0.6,0,0,,,,,,a374,5,6,5,,,
375,1,26,4,12,12,12,0,1,2,1,1,0,1,1.16,0,1,375,34,8,72,12,12,0,0,2,0,0,1,1,1.24,2,1,,,,,,a375,5,5,5,,,
376,1,26,2,24,24,12,0,0,2,0,0,0,1,0.6,0,2,376,30,13,156,84,72,36,1,1,0,0,1,0,1.8,0,0,,,,,,a376,5,5,5,,,
377,0,31,8,48,12,12,0,0,0,0,0,1,1,0.6,2,1,377,36,2,24,24,12,0,0,2,0,1,1,1,2.5,2,0,,,,,,a377,5,5,5,,,
378,1,31,5,48,48,24,0,0,0,0,1,1,1,2.06,0,1,378,41,3,36,36,24,0,1,0,1,0,0,1,1.02,0,0,,,,,,a378,5,5,5,,,
379,0,28,3,12,12,12,0,0,1,1,1,1,0,2.5,2,1,379,39,7,60,60,36,0,1,0,0,0,1,0,1.21,0,1,,,,,,a379,5,5,5,,,
380,1,40,19,108,108,48,0,0,0,0,0,0,1,2.5,2,2,380,35,2,24,12,12,0,0,1,1,1,0,1,2.32,0,0,,,,,,a380,5,5,6,,,
381,0,22,4,24,12,12,0,0,1,0,0,1,1,1.07,1,2,381,34,9,60,36,12,0,0,0,0,1,0,0,0.6,0,1,,,,,,a381,5,5,5,,,
382,0,39,11,132,36,36,0,1,1,0,1,0,1,2.5,1,1,382,39,7,36,24,24,0,1,0,1,0,1,0,0.6,1,0,,,,,,a382,5,5,5,,,
383,1,30,4,72,72,48,0,1,1,1,0,1,0,2.5,2,1,383,27,9,36,24,24,0,1,0,0,1,0,0,0.6,1,0,,,,,,a383,5,5,5,,,
384,1,30,8,60,48,36,0,1,2,1,1,1,1,2.16,1,2,384,41,12,108,72,48,12,0,1,1,1,0,0,0.6,2,0,,,,,,a384,5,5,5,,,
385,1,31,6,36,24,24,0,1,0,1,1,1,1,1.17,0,2,385,24,4,12,12,12,0,1,1,0,1,1,0,1.2,1,2,,,,,,a385,5,5,5,,,
386,0,33,6,60,48,36,0,0,1,0,0,1,0,2.5,2,2,386,34,12,96,96,96,60,1,2,0,0,0,0,0.6,0,1,,,,,,a386,5,5,5,,,
387,1,35,5,96,36,24,0,1,0,0,0,0,1,2.5,1,1,387,34,7,72,48,36,0,1,1,0,1,1,1,2.5,2,2,,,,,,a387,5,5,5,,,
388,0,31,9,72,72,48,0,1,1,0,1,0,1,0.6,1,0,388,32,4,60,24,12,0,1,2,1,1,0,0,0.6,0,0,,,,,,a388,5,5,5,,,
389,1,32,8,72,72,72,12,1,0,1,1,1,1,1.1,2,1,389,32,8,60,36,24,0,0,2,0,1,0,1,1.17,1,0,,,,,,a389,5,5,6,,,
390,0,34,7,60,36,24,0,0,0,0,0,1,1,0.6,2,2,390,32,7,48,24,12,0,0,0,0,1,1,0,1.95,1,2,,,,,,a390,5,6,4,,,
391,0,32,9,36,36,24,12,0,0,1,1,0,0,0.6,0,2,391,34,6,60,48,24,0,0,1,0,1,1,0,1.48,2,1,,,,,,a391,5,5,6,,,
392,0,24,4,24,24,24,0,1,1,1,0,0,1,0.6,2,0,392,25,6,72,36,36,0,1,0,0,0,1,0,0.6,2,2,,,,,,a392,5,5,6,,,
393,1,35,6,84,24,24,0,1,2,1,1,1,0,2.5,1,2,393,31,4,72,72,48,0,0,1,1,1,1,0,1.37,2,1,,,,,,a393,5,5,5,,,
394,0,31,9,36,36,36,0,1,0,0,1,1,1,2.5,2,2,394,26,8,60,60,36,0,1,2,0,0,1,0,2.07,1,0,,,,,,a394,5,5,5,,,
395,1,34,6,72,36,12,0,1,2,0,0,0,1,2.5,2,1,395,28,5,72,60,48,24,0,1,1,1,0,1,0.6,0,0,,,,,,a395,5,5,5,,,
396,0,27,4,12,12,12,0,1,2,0,0,1,1,1.21,0,2,396,23,9,60,24,24,0,0,1,0,1,1,0,0.6,1,2,,,,,,a396,5,5,5,,,
397,0,27,3,36,36,36,0,1,1,0,0,1,1,2.5,2,1,397,33,6,48,36,12,0,1,2,0,0,1,0,0.6,2,0,,,,,,a397,5,5,5,,,
398,1,48,23,276,264,192,12,0,0,1,0,0,1,0.6,2,0,398,32,8,48,48,36,0,0,0,1,0,0,1,1.52,2,1,,,,,,a398,5,5,5,,,
399,0,37,11,72,24,24,0,0,2,1,1,0,0,2.5,0,1,399,37,12,120,120,84,6,1,0,1,0,0,1,0.6,0,0,,,,,,a399,5,5,5,,,
400,0,34,8,36,24,24,0,0,1,1,1,1,0,0.6,0,1,400,34,13,96,48,48,12,0,2,0,1,0,1,0.6,0,1,,,,,,a400,5,5,5,,,
401,1,39,16,144,96,84,12,1,2,0,1,0,0,0.6,1,1,401,22,3,36,36,24,0,0,2,0,1,1,1,1.8,2,1,,,,,,a401,5,5,5,,,
402,1,32,7,60,48,48,0,0,2,1,0,0,1,2.5,0,1,402,33,4,36,36,24,0,0,2,0,0,0,1,2.5,0,2,,,,,,a402,5,5,5,,,
403,0,34,8,36,24,12,0,0,1,0,0,1,1,2.48,0,2,403,29,4,36,36,12,0,0,2,0,0,1,1,0.6,0,2,,,,,,a403,5,5,5,,,
404,1,41,22,156,72,24,0,0,2,1,1,0,1,2.36,2,0,404,37,8,72,24,24,0,1,0,1,0,0,1,2.5,0,2,,,,,,a404,5,5,6,,,
405,1,22,2,12,12,12,0,1,0,0,1,0,0,1.43,0,2,405,34,3,36,36,24,0,0,0,0,0,1,0,2.5,2,2,,,,,,a405,5,5,5,,,
406,1,36,13,108,48,24,0,1,0,0,1,0,0,0.6,0,2,406,44,2,12,12,12,0,0,1,0,0,1,1,0.6,2,2,,,,,,a406,5,5,4,,,
407,0,37,7,72,36,24,0,0,0,0,0,1,1,0.6,1,1,407,33,5,48,36,24,0,0,0,0,1,1,0,2.5,0,0,,,,,,a407,5,5,4,,,
408,1,37,8,72,12,12,0,0,2,0,0,1,1,2.5,2,0,408,28,4,36,24,12,0,1,2,1,1,1,0,2.5,2,1,,,,,,a408,5,5,5,,,
409,1,33,8,72,60,36,0,1,0,0,0,0,1,0.6,2,2,409,37,6,36,12,12,0,1,2,1,0,0,0,2.42,2,1,,,,,,a409,5,5,5,,,
410,0,41,8,108,60,12,0,1,0,0,0,1,0,0.6,0,0,410,50,7,84,48,24,0,0,1,1,0,0,0,1.59,2,2,,,,,,a410,5,5,5,,,
411,1,35,6,96,84,84,60,0,0,1,0,1,0,2.5,2,0,411,36,9,48,24,12,0,1,0,0,1,0,1,0.6,1,1,,,,,,a411,5,5,5,,,
412,1,27,2,24,24,24,0,1,1,0,0,0,1,0.6,2,0,412,29,7,48,36,12,0,1,0,1,0,1,1,0.6,2,2,,,,,,a412,5,5,5,,,
413,1,29,5,72,36,12,0,0,2,0,1,1,1,0.6,0,0,413,33,35,252,216,144,6,1,2,0,1,1,0,0.6,2,0,,,,,,a413,5,5,5,,,
414,0,34,7,36,24,12,0,1,1,0,0,0,0,2.5,2,0,414,29,8,84,72,48,0,1,1,1,0,1,1,2.5,0,0,,,,,,a414,5,5,5,,,
415,0,41,11,120,84,12,0,0,2,0,0,0,0,1.79,0,0,415,30,5,60,60,60,0,1,1,0,1,1,1,0.6,0,0,,,,,,a415,5,5,6,,,
416,1,27,2,24,12,12,0,0,1,0,0,0,1,2.5,2,2,416,28,11,96,48,48,0,0,2,1,0,1,0,0.6,1,1,,,,,,a416,5,5,5,,,
417,1,40,14,156,156,144,96,0,0,0,0,1,0,0.6,2,1,417,35,8,96,96,84,48,1,0,0,1,0,1,0.6,0,1,,,,,,a417,5,4,5,,,
418,0,31,4,48,36,12,0,1,1,0,0,1,0,0.6,2,0,418,22,3,36,24,12,0,1,0,0,1,1,0,1.73,2,1,,,,,,a418,5,5,5,,,
419,0,38,13,132,120,108,12,0,2,1,1,0,1,2.5,0,1,419,33,9,72,72,48,18,0,0,0,0,0,0,2.5,0,2,,,,,,a419,5,5,5,,,
420,1,34,5,72,60,48,24,1,1,1,1,1,0,1.36,2,1,420,37,7,36,36,12,0,1,0,0,1,0,0,0.6,0,1,,,,,,a420,5,5,5,,,
421,0,33,7,60,48,24,0,1,0,1,0,0,0,0.6,2,1,421,32,8,36,36,12,0,1,2,1,0,1,0,1.88,1,1,,,,,,a421,5,5,5,,,
422,0,41,16,120,84,60,12,1,2,1,0,0,0,0.6,1,0,422,38,2,36,24,24,0,1,2,1,0,1,0,0.6,2,0,,,,,,a422,5,5,5,,,
423,1,25,2,12,12,12,0,0,1,0,0,0,0,0.6,1,1,423,34,6,36,24,24,0,0,2,1,1,0,0,2.5,2,1,,,,,,a423,5,5,5,,,
424,0,34,9,60,60,36,12,0,1,1,0,1,1,0.6,2,1,424,31,6,72,60,60,48,0,1,0,1,0,0,0.6,0,2,,,,,,a424,5,5,5,,,
425,1,32,9,60,36,24,12,0,0,0,1,1,0,0.6,0,0,425,30,6,36,12,12,0,0,1,1,0,1,1,1.91,1,2,,,,,,a425,5,5,5,,,
426,1,37,6,96,60,36,0,0,2,1,0,0,0,2.5,0,1,426,38,11,72,36,36,0,1,0,1,0,0,1,1.65,0,1,,,,,,a426,5,5,5,,,
427,0,33,8,72,72,60,24,0,1,1,1,1,1,0.6,0,2,427,35,6,108,48,36,0,0,1,0,0,0,0,2.31,0,0,,,,,,a427,5,5,5,,,
428,1,29,6,60,48,36,0,1,0,1,0,0,1,0.6,0,1,428,25,4,72,48,24,0,1,2,1,0,0,0,0.6,2,0,,,,,,a428,5,5,5,,,
429,1,28,4,12,12,12,0,0,2,0,0,0,1,1.16,1,2,429,26,3,36,36,36,0,1,2,1,1,0,0,0.6,1,2,,,,,,a429,5,5,5,,,
430,0,31,4,72,60,60,0,1,0,0,1,0,1,2.5,0,0,430,49,11,72,36,12,0,0,2,0,1,1,1,2.5,2,1,,,,,,a430,5,5,6,,,
431,0,35,5,96,36,24,0,0,0,1,1,0,1,2.5,1,1,431,34,4,24,12,12,0,1,0,0,1,1,0,0.6,2,2,,,,,,a431,5,5,5,,,
432,0,38,14,132,108,12,0,1,1,1,1,0,1,0.6,1,1,432,32,9,72,72,72,12,0,2,0,0,0,1,0.6,0,1,,,,,,a432,5,5,6,,,
433,0,28,4,12,12,12,0,0,1,0,1,0,0,0.6,2,0,433,32,5,72,60,36,0,1,0,1,0,0,0,0.6,1,0,,,,,,a433,5,5,5,,,
434,0,29,7,48,48,48,0,0,2,1,1,1,0,2.5,2,0,434,30,2,36,36,24,0,0,1,0,1,0,1,0.6,0,0,,,,,,a434,5,5,5,,,
435,1,37,7,84,84,24,0,0,0,0,1,0,0,1.78,0,2,435,32,6,84,48,36,0,1,0,0,0,0,1,1.4,1,1,,,,,,a435,6,6,6,,,
436,1,33,9,48,24,12,0,1,1,0,0,0,1,2.5,0,0,436,40,8,60,60,60,0,1,2,1,0,1,1,0.6,0,2,,,,,,a436,6,5,6,,,
437,0,28,4,24,12,12,0,0,2,1,1,1,1,0.6,2,1,437,37,7,48,36,36,0,0,1,0,1,0,0,1.82,0,0,,,,,,a437,6,6,6,,,
438,0,31,6,60,24,12,0,0,0,1,0,1,1,0.6,0,0,438,43,4,48,48,24,0,0,1,0,0,1,0,0.6,2,2,,,,,,a438,6,6,6,,,
439,1,32,6,72,60,60,12,0,2,1,0,1,1,1.04,0,0,439,44,4,36,36,24,0,0,1,1,0,0,0,0.6,0,0,,,,,,a439,6,6,7,,,
440,1,37,5,84,24,24,0,0,2,0,1,1,0,1.25,0,0,440,33,4,36,36,12,0,0,2,1,0,0,1,2.5,2,1,,,,,,a440,6,6,6,,,
441,0,27,2,36,36,24,0,1,2,0,1,1,0,0.6,2,2,441,32,12,108,48,36,0,0,2,1,0,0,1,2.5,2,2,,,,,,a441,6,6,5,,,
442,0,28,3,12,12,12,0,0,0,1,1,1,0,2.5,2,2,442,29,4,48,48,24,0,0,2,1,1,0,1,1.3,2,1,,,,,,a442,6,6,6,,,
443,1,28,4,12,12,12,0,0,2,1,0,0,0,2.5,2,2,443,30,5,48,24,24,0,0,2,0,0,0,1,0.6,1,1,,,,,,a443,6,6,6,,,
444,0,28,4,36,24,24,0,0,0,1,0,1,0,2.5,0,1,444,39,2,24,12,12,0,1,0,0,0,1,0,1.01,1,0,,,,,,a444,6,6,6,,,
445,1,34,4,72,60,36,0,0,2,1,1,0,0,1.82,0,1,445,40,7,48,12,12,0,1,2,1,0,1,0,1.44,1,1,,,,,,a445,6,6,6,,,
446,0,35,8,84,72,60,24,1,0,1,1,1,0,0.6,0,0,446,33,9,48,48,48,12,1,1,1,1,1,0,0.6,0,0,,,,,,a446,6,6,6,,,
447,0,30,9,60,48,36,0,1,2,0,0,1,0,0.6,0,2,447,28,9,84,60,48,0,1,0,1,1,1,1,1.01,0,2,,,,,,a447,6,6,6,,,
448,1,29,7,60,48,36,0,1,1,0,1,0,1,0.6,0,1,448,36,4,36,12,12,0,0,1,0,1,1,1,0.6,1,1,,,,,,a448,6,6,6,,,
449,0,38,21,108,72,36,0,0,2,1,1,0,1,1.7,0,1,449,37,8,72,48,24,0,1,0,1,1,1,0,0.6,2,2,,,,,,a449,6,6,6,,,
450,0,33,5,60,24,24,0,0,1,1,0,1,1,2.01,0,2,450,33,8,48,36,12,0,1,1,0,1,0,1,1.72,2,2,,,,,,a450,6,6,6,,,
451,0,31,8,60,48,48,0,0,0,0,0,0,1,2.16,2,2,451,24,8,60,60,60,0,0,1,0,0,0,0,2.5,1,0,,,,,,a451,6,6,6,,,
452,0,32,5,48,12,12,0,1,0,1,1,0,1,0.6,2,1,452,34,13,132,60,60,12,1,1,0,1,1,1,0.6,0,0,,,,,,a452,6,6,6,,,
453,1,33,5,60,24,12,0,0,2,1,0,0,1,0.6,1,2,453,27,9,60,24,24,0,0,2,0,1,0,0,1.36,0,0,,,,,,a453,6,6,6,,,
454,0,28,4,24,24,24,0,0,1,0,0,1,0,2.33,0,2,454,31,3,24,12,12,0,1,1,0,1,0,1,2.5,0,0,,,,,,a454,6,6,6,,,
455,0,33,4,60,36,24,0,1,1,1,1,0,0,0.6,1,2,455,33,7,60,36,24,0,0,2,1,1,1,0,2.5,0,1,,,,,,a455,6,6,6,,,
456,1,33,8,60,60,48,12,1,2,1,1,0,0,2.5,0,1,456,30,6,48,36,36,0,0,1,1,0,0,0,0.6,0,0,,,,,,a456,6,6,6,,,
457,1,34,7,48,48,24,0,1,1,1,1,0,0,0.6,1,2,457,33,4,36,24,24,0,0,1,1,0,0,0,2.5,0,2,,,,,,a457,6,6,6,,,
458,1,46,21,180,132,48,12,1,0,0,1,1,0,1.83,1,1,458,35,4,48,12,12,0,1,0,0,1,1,0,1.83,1,0,,,,,,a458,6,7,6,,,
459,1,31,4,36,24,12,0,1,0,0,1,1,1,0.6,1,2,459,45,7,72,48,12,0,1,1,1,1,0,1,2.5,0,1,,,,,,a459,6,5,6,,,
460,1,28,2,24,24,24,0,1,0,0,0,1,1,0.6,0,1,460,30,9,60,48,24,0,0,0,0,1,0,0,1,2,1,,,,,,a460,6,6,6,,,
461,0,25,2,24,12,12,0,1,2,1,1,1,1,2.3,0,1,461,37,9,36,24,24,12,0,0,0,1,1,1,2.5,0,1,,,,,,a461,6,6,5,,,
462,1,33,6,72,48,24,0,1,0,1,0,1,0,0.6,0,0,462,31,9,72,48,36,12,0,2,0,0,0,1,2.5,1,1,,,,,,a462,6,6,6,,,
463,0,32,8,36,12,12,0,0,1,1,0,1,0,1.98,1,0,463,32,3,24,12,12,0,0,1,0,0,0,1,0.6,2,2,,,,,,a463,6,6,6,,,
464,0,32,8,72,60,36,0,1,2,0,1,1,1,0.6,2,2,464,29,17,108,24,24,0,0,1,0,0,1,1,2.5,2,2,,,,,,a464,6,6,6,,,
465,1,37,8,108,108,108,36,0,1,0,0,1,1,1.78,0,2,465,38,8,60,36,36,12,0,1,0,0,0,1,2.5,1,1,,,,,,a465,6,6,6,,,
466,0,30,7,60,36,24,0,1,2,0,1,1,1,2.5,1,2,466,31,4,36,24,12,0,0,0,0,0,1,1,0.6,1,0,,,,,,a466,6,6,6,,,
467,0,36,11,84,24,24,0,1,2,0,1,1,0,2.45,2,1,467,32,9,48,24,12,0,1,2,1,0,1,0,2.5,0,0,,,,,,a467,6,6,6,,,
468,0,32,5,36,24,24,0,1,2,0,0,0,0,2.5,0,2,468,31,25,228,228,192,6,1,0,0,0,0,0,1.89,2,1,,,,,,a468,6,7,5,,,
469,0,29,6,48,24,24,0,0,1,1,1,1,0,0.6,0,1,469,32,5,72,12,12,0,1,1,1,0,0,1,0.6,0,0,,,,,,a469,6,7,5,,,
470,1,35,10,84,36,24,0,0,1,0,0,1,1,0.6,2,0,470,35,3,24,12,12,0,1,0,0,1,0,0,1.74,0,1,,,,,,a470,6,6,6,,,
471,1,34,4,72,36,36,0,0,1,0,1,0,0,1.52,1,0,471,30,4,60,60,60,0,1,1,0,1,0,0,0.6,1,2,,,,,,a471,6,6,6,,,
472,1,32,8,60,36,36,0,0,2,0,0,0,1,2.5,1,2,472,31,9,72,72,72,12,0,2,0,0,1,1,2.5,2,1,,,,,,a472,6,6,6,,,
473,0,31,7,72,48,24,0,1,0,0,1,0,1,2.5,0,0,473,37,2,24,24,24,0,0,2,0,0,1,1,2,0,2,,,,,,a473,6,6,6,,,
474,0,25,2,36,24,12,0,0,1,1,1,0,0,0.6,0,2,474,40,8,60,36,36,0,0,1,0,1,1,0,1,0,1,,,,,,a474,6,6,6,,,
475,1,36,11,72,36,36,0,0,1,1,0,1,0,0.6,0,2,475,29,9,36,36,36,0,0,2,1,1,1,0,0.6,2,1,,,,,,a475,6,6,6,,,
476,1,35,9,96,96,60,12,1,2,1,1,1,0,2.5,2,1,476,34,4,48,24,12,0,0,1,0,0,0,0,2.5,1,1,,,,,,a476,6,6,7,,,
477,0,29,6,60,60,48,0,1,1,1,0,1,1,2.5,1,0,477,28,4,36,24,24,0,0,1,1,1,0,0,2.5,2,1,,,,,,a477,6,6,7,,,
478,0,37,5,108,108,72,36,1,1,1,1,0,1,0.6,1,2,478,36,22,120,120,60,6,1,2,1,0,1,0,0.6,0,0,,,,,,a478,6,6,6,,,
479,0,35,13,108,84,72,12,1,1,0,0,1,1,0.6,1,2,479,36,6,48,24,24,0,1,0,1,1,0,0,0.6,0,1,,,,,,a479,6,6,6,,,
480,0,31,9,48,48,48,0,1,1,1,1,0,1,1.37,2,1,480,30,26,156,12,12,0,1,2,0,1,1,0,2.5,0,0,,,,,,a480,6,6,6,,,
481,1,32,9,72,36,24,12,0,0,0,0,0,1,2.5,1,0,481,32,3,36,36,36,0,0,0,1,0,1,0,2.5,2,0,,,,,,a481,6,6,6,,,
482,1,34,5,36,36,36,0,1,1,1,0,1,0,0.6,0,0,482,37,4,48,48,36,0,0,2,1,0,1,1,2.3,2,0,,,,,,a482,6,6,6,,,
483,1,28,4,24,24,12,0,1,0,1,0,0,1,0.6,2,2,483,31,36,300,204,132,24,1,1,0,0,0,1,0.6,1,0,,,,,,a483,6,6,6,,,
484,0,28,4,36,24,24,0,0,0,1,1,0,1,1.41,0,0,484,27,4,36,24,24,0,0,1,1,1,1,1,0.6,1,2,,,,,,a484,6,6,6,,,
485,1,30,9,36,24,12,0,0,0,1,0,1,1,2.04,2,2,485,32,7,48,24,24,0,0,2,1,0,1,0,0.6,2,0,,,,,,a485,6,6,6,,,
486,0,32,5,36,24,24,0,1,2,1,0,1,0,2.5,2,0,486,33,5,84,36,24,0,0,0,0,1,0,1,2.5,0,1,,,,,,a486,6,6,6,,,
487,1,28,4,36,24,12,0,0,2,1,1,0,0,1.05,1,2,487,32,4,24,24,12,0,0,2,0,1,1,0,0.6,2,0,,,,,,a487,6,6,6,,,
488,1,33,5,36,24,12,0,1,2,1,1,0,1,2.43,1,0,488,34,7,108,108,60,48,0,1,0,0,0,0,1.45,1,0,,,,,,a488,6,6,6,,,
489,1,25,2,36,36,36,0,0,0,1,0,1,1,2.5,0,2,489,37,4,12,12,12,0,1,1,1,1,1,0,2.1,0,2,,,,,,a489,6,5,6,,,
490,1,29,9,60,36,24,0,1,2,1,0,1,1,2.5,0,1,490,30,9,72,48,48,0,1,0,1,0,1,0,0.6,2,0,,,,,,a490,6,5,7,,,
491,0,34,5,72,48,36,0,0,0,0,1,1,0,0.6,2,2,491,37,4,36,12,12,0,1,1,0,0,1,1,0.6,2,1,,,,,,a491,6,6,6,,,
492,1,34,4,60,36,36,0,0,0,0,0,1,1,1.93,0,1,492,28,4,60,24,24,0,1,1,0,0,1,0,2.5,2,1,,,,,,a492,6,6,5,,,
493,0,34,9,48,48,36,0,0,1,0,1,1,0,2.5,1,0,493,33,5,60,60,36,0,1,0,1,1,0,0,0.6,2,2,,,,,,a493,6,6,6,,,
494,0,41,8,132,132,108,96,0,1,1,1,1,1,2.5,0,1,494,45,6,60,36,36,0,0,2,1,0,0,1,0.6,2,0,,,,,,a494,6,6,6,,,
495,0,30,7,48,12,12,0,0,1,1,1,0,1,0.6,0,1,495,33,8,36,12,12,0,0,2,1,0,0,0,0.6,1,2,,,,,,a495,6,6,6,,,
496,0,38,17,120,24,12,0,1,1,0,1,1,0,1.85,2,0,496,32,6,36,12,12,0,0,2,1,0,1,0,2.5,2,2,,,,,,a496,6,6,6,,,
497,0,35,5,84,60,48,24,0,0,0,0,0,1,0.6,2,2,497,27,5,36,24,24,0,0,1,1,1,1,0,2.27,0,1,,,,,,a497,6,6,6,,,
498,0,32,5,48,24,12,0,0,2,0,1,1,1,2.5,1,2,498,34,19,108,12,12,0,1,0,0,1,0,0,0.6,0,0,,,,,,a498,6,6,6,,,
499,0,35,5,72,72,12,0,0,1,0,0,1,1,2.5,2,1,499,36,7,60,60,60,12,0,1,1,0,0,1,2.5,1,2,,,,,,a499,6,6,6,,,
500,1,32,4,60,36,36,0,1,0,0,0,0,1,2.5,0,0,500,32,11,108,72,60,12,1,0,1,0,1,0,1.24,1,0,,,,,,a500,6,6,6,,,
501,0,35,9,96,36,36,0,0,0,0,1,1,1,2.5,0,2,501,32,11,108,48,24,0,0,2,1,1,0,1,1.13,0,0,,,,,,a501,6,6,6,,,
502,0,30,6,48,24,24,0,0,1,0,1,0,1,1.56,2,0,502,34,9,60,48,24,0,0,0,0,0,1,0,0.6,0,0,,,,,,a502,6,6,6,,,
503,0,30,7,60,60,36,0,1,0,1,1,0,0,0.6,2,1,503,29,6,72,36,36,0,0,0,1,1,0,1,1.77,2,2,,,,,,a503,6,6,6,,,
504,0,37,8,96,60,36,0,0,0,1,0,0,0,1.98,0,0,504,30,8,72,48,48,36,1,1,1,0,0,1,0.6,0,0,,,,,,a504,6,6,6,,,
505,0,31,4,48,24,24,0,1,0,0,0,1,1,0.6,0,1,505,33,10,96,60,48,0,1,2,1,1,0,0,2.5,2,1,,,,,,a505,6,6,6,,,
506,0,28,4,12,12,12,0,1,2,0,1,1,0,2.5,1,2,506,34,9,48,24,24,0,0,1,1,0,0,0,0.6,2,1,,,,,,a506,6,6,6,,,
507,0,36,11,96,48,48,0,0,2,1,1,0,1,0.6,1,0,507,28,4,48,48,48,0,1,0,0,1,1,0,0.6,1,2,,,,,,a507,6,6,6,,,
508,1,37,8,96,96,84,48,1,0,0,0,1,0,0.6,0,2,508,34,4,48,48,36,0,0,0,0,0,1,1,2.5,2,1,,,,,,a508,6,6,6,,,
509,0,28,3,36,24,12,0,1,0,0,0,1,0,2.5,1,0,509,32,7,36,24,24,12,1,1,1,0,0,0,2.5,0,1,,,,,,a509,6,6,6,,,
510,1,32,9,72,72,48,18,0,0,0,1,1,0,0.6,2,2,510,39,3,12,12,12,0,0,2,0,1,0,1,1.15,1,0,,,,,,a510,6,6,6,,,
511,0,34,7,36,36,12,0,1,0,0,0,0,1,2.5,0,1,511,33,8,48,12,12,0,1,1,1,0,1,0,1.29,0,1,,,,,,a511,6,6,5,,,
512,1,33,8,36,36,12,0,1,2,1,1,0,0,2.5,2,0,512,29,11,96,96,84,6,1,1,0,1,0,1,0.6,1,2,,,,,,a512,6,6,6,,,
513,0,25,2,36,24,24,0,1,2,1,1,1,1,0.6,0,1,513,36,5,84,48,24,0,1,2,1,1,1,0,1.9,0,2,,,,,,a513,6,6,6,,,
514,0,33,6,36,24,24,0,0,2,1,0,0,1,0.6,1,0,514,31,10,132,60,36,0,0,2,1,1,1,1,0.6,1,1,,,,,,a514,6,6,6,,,
515,0,34,6,72,60,60,48,0,1,0,1,1,1,0.6,2,0,515,33,8,72,36,12,0,1,1,0,0,1,0,1.66,2,1,,,,,,a515,6,6,6,,,
516,1,31,6,36,12,12,0,0,1,1,0,1,1,0.6,0,2,516,30,2,36,36,24,0,1,0,0,0,1,1,1.22,1,1,,,,,,a516,6,6,6,,,
517,0,35,11,72,36,36,0,1,0,1,1,0,1,2.5,0,2,517,32,2,24,24,24,0,1,0,1,1,1,1,0.6,1,1,,,,,,a517,6,6,6,,,
518,0,35,6,108,48,36,0,0,1,0,1,1,0,2.5,0,1,518,39,2,24,24,24,0,1,2,1,1,0,0,0.6,0,1,,,,,,a518,6,6,6,,,
519,1,29,4,72,48,24,0,1,2,1,0,0,1,1.67,2,0,519,29,5,48,12,12,0,0,1,0,0,1,1,2.5,1,0,,,,,,a519,6,6,6,,,
520,0,27,3,36,36,36,0,1,2,1,0,1,0,2.08,1,2,520,35,17,156,120,120,96,0,1,1,1,1,1,2.5,1,2,,,,,,a520,6,6,6,,,
521,1,35,11,72,36,12,0,0,2,0,0,0,0,0.6,2,0,521,24,12,108,108,48,0,1,0,0,0,1,0,0.6,1,1,,,,,,a521,6,6,6,,,
522,1,28,4,24,12,12,0,1,0,0,0,0,1,2.05,2,2,522,31,4,48,12,12,0,1,1,0,1,1,0,2.5,2,0,,,,,,a522,6,6,6,,,
523,0,31,9,72,72,72,12,0,2,0,1,0,1,0.6,2,0,523,30,7,48,36,36,0,1,0,1,1,1,1,2.5,0,1,,,,,,a523,6,6,6,,,
524,0,31,5,72,60,36,0,1,0,1,1,1,0,0.6,1,1,524,35,4,36,24,12,0,1,2,0,1,1,0,0.6,2,1,,,,,,a524,6,6,6,,,
525,0,26,2,36,36,24,0,0,1,0,0,1,1,0.6,1,2,525,33,8,72,48,36,0,0,2,0,1,0,0,0.6,1,1,,,,,,a525,6,6,6,,,
526,0,36,6,84,48,36,0,1,0,0,1,0,0,2.5,1,0,526,30,3,36,36,24,0,1,1,0,0,1,0,0.6,2,2,,,,,,a526,6,6,6,,,
527,0,30,8,60,60,60,0,1,2,1,1,0,0,1.99,0,1,527,33,9,60,36,36,12,1,1,0,1,1,1,2.5,2,2,,,,,,a527,6,6,6,,,
528,1,31,7,48,36,36,0,0,1,0,0,0,1,2.12,0,1,528,33,5,48,24,24,0,1,1,1,0,0,0,1.38,1,2,,,,,,a528,6,6,6,,,
529,0,32,4,48,48,24,0,0,1,0,0,0,1,1.16,1,2,529,29,12,84,84,84,24,0,2,0,1,0,0,0.6,0,2,,,,,,a529,6,6,6,,,
530,1,22,4,36,36,24,0,0,1,1,0,0,1,0.6,1,1,530,23,6,72,60,60,48,0,2,1,1,0,1,1.31,0,2,,,,,,a530,6,6,6,,,
531,0,29,4,36,36,12,0,0,2,1,0,0,0,0.6,2,2,531,32,7,36,24,24,0,0,1,1,0,1,1,0.6,2,0,,,,,,a531,6,6,6,,,
532,0,36,12,108,48,36,0,0,2,1,0,0,0,0.6,2,1,532,27,11,108,108,60,48,1,1,0,0,0,0,2.5,2,1,,,,,,a532,6,5,6,,,
533,1,29,4,48,48,24,0,0,2,1,1,0,1,0.6,2,1,533,34,8,108,24,24,0,0,1,0,0,0,1,1.63,0,1,,,,,,a533,6,6,6,,,
534,0,30,5,48,24,24,0,0,2,0,1,1,0,0.6,0,1,534,34,19,132,72,36,0,1,0,1,1,1,1,0.6,0,2,,,,,,a534,6,6,6,,,
535,1,28,2,24,12,12,0,1,0,0,1,1,1,0.6,1,1,535,29,5,108,84,72,24,0,1,1,1,1,0,0.6,1,1,,,,,,a535,6,6,6,,,
536,0,33,7,48,12,12,0,1,2,1,0,1,1,1.46,0,2,536,32,7,36,36,36,12,1,1,0,1,1,1,0.6,1,2,,,,,,a536,6,6,5,,,
537,1,33,9,48,48,48,12,1,1,1,0,0,0,2.5,0,0,537,31,21,108,84,84,6,1,0,1,0,0,1,1.06,2,2,,,,,,a537,6,6,6,,,
538,1,36,9,84,60,48,0,1,0,1,1,1,0,2.1,0,0,538,27,2,12,12,12,0,1,2,1,1,0,1,0.6,0,1,,,,,,a538,6,6,6,,,
539,0,32,4,36,12,12,0,0,1,0,1,0,0,1.03,1,0,539,41,9,132,48,48,0,0,1,1,0,1,1,1.38,1,0,,,,,,a539,6,7,6,,,
540,1,31,8,72,48,24,0,1,0,1,1,0,1,0.6,2,1,540,30,3,24,12,12,0,0,2,1,1,0,1,1.83,1,2,,,,,,a540,6,6,6,,,
541,0,31,8,48,36,12,0,1,1,0,1,1,0,0.6,2,0,541,37,9,48,24,12,0,1,2,1,1,0,1,1.85,1,1,,,,,,a541,6,6,6,,,
542,1,29,8,60,60,60,0,0,1,0,0,1,1,0.6,2,2,542,37,9,60,36,12,0,1,1,1,0,0,0,1.6,2,0,,,,,,a542,6,6,6,,,
543,1,41,13,132,60,60,12,1,1,0,0,1,1,1.9,2,0,543,38,4,48,48,36,0,0,1,0,0,1,0,0.6,0,1,,,,,,a543,7,6,6,,,
544,0,33,9,60,24,24,0,0,2,0,0,0,0,0.6,2,1,544,31,6,60,48,24,12,0,2,1,0,0,1,1.53,0,2,,,,,,a544,7,7,7,,,
545,1,28,3,24,12,12,0,1,1,0,1,1,0,0.6,1,1,545,34,9,60,36,36,0,1,0,0,0,0,1,1.26,1,1,,,,,,a545,7,7,7,,,
546,1,31,7,60,36,24,0,0,2,1,0,1,1,0.6,0,1,546,36,4,12,12,12,0,0,0,0,1,1,1,0.6,2,0,,,,,,a546,7,7,6,,,
547,0,31,6,48,36,36,0,0,1,1,1,1,1,2.5,0,1,547,31,9,36,12,12,0,1,2,1,1,0,0,0.6,0,2,,,,,,a547,7,7,7,,,
548,0,30,4,36,24,24,0,0,1,1,1,1,1,1.89,0,1,548,27,6,84,84,60,24,0,0,1,0,0,1,1.64,2,1,,,,,,a548,7,7,7,,,
549,0,34,4,48,12,12,0,1,0,0,0,0,1,2.11,1,2,549,36,4,36,24,24,0,0,0,1,0,0,0,0.6,1,1,,,,,,a549,7,7,7,,,
550,1,37,7,72,48,12,0,1,1,1,1,1,0,1.35,0,0,550,28,22,108,36,24,0,1,0,0,1,0,0,0.6,2,2,,,,,,a550,7,7,7,,,
551,0,29,9,60,48,24,0,0,0,0,0,0,0,0.6,2,1,551,32,7,72,72,48,0,0,0,1,0,1,0,2.5,0,2,,,,,,a551,7,7,7,,,
552,1,33,9,36,24,24,12,0,0,0,0,0,1,2.5,0,1,552,31,5,72,60,60,12,0,2,0,0,1,1,2.5,0,0,,,,,,a552,7,7,7,,,
553,1,32,9,72,48,36,12,0,2,0,1,1,1,0.6,2,0,553,31,9,36,36,36,6,0,0,1,1,1,1,1.92,0,2,,,,,,a553,7,7,7,,,
554,0,25,3,24,12,12,0,0,1,0,0,0,0,2.5,1,1,554,29,7,72,60,36,0,0,0,1,1,0,1,2.5,1,2,,,,,,a554,7,7,7,,,
555,0,41,17,108,24,24,0,0,1,0,0,0,1,2.5,1,2,555,36,9,60,24,12,0,0,0,0,1,0,0,0.6,2,0,,,,,,a555,7,7,7,,,
556,1,32,8,60,36,36,12,0,1,0,0,1,0,0.6,0,0,556,27,13,108,24,24,0,0,1,1,0,1,0,2.5,0,1,,,,,,a556,7,7,7,,,
557,0,26,4,36,24,12,0,0,0,0,0,0,0,2.5,0,0,557,32,6,72,48,36,0,0,2,1,1,0,1,0.6,2,2,,,,,,a557,7,7,7,,,
558,1,29,9,48,24,12,0,1,2,1,1,0,1,1.39,1,0,558,28,18,120,48,36,0,1,1,0,1,0,0,0.6,1,0,,,,,,a558,7,7,7,,,
559,1,44,25,228,228,192,6,1,0,0,0,1,0,2.24,2,1,559,26,8,60,48,48,0,0,1,0,1,1,0,1.71,1,0,,,,,,a559,7,7,7,,,
560,1,36,5,72,12,12,0,1,1,1,1,1,0,0.6,0,1,560,31,5,36,12,12,0,0,0,1,1,1,0,2.5,0,2,,,,,,a560,7,6,7,,,
561,0,28,3,24,12,12,0,1,0,0,1,0,1,2.5,1,1,561,32,7,48,36,36,0,0,1,0,1,0,1,0.6,1,0,,,,,,a561,7,7,7,,,
562,1,30,4,60,60,60,0,1,1,0,0,0,1,0.6,2,0,562,25,10,72,72,12,0,1,0,1,1,0,1,0.6,1,0,,,,,,a562,7,8,7,,,
563,0,30,9,72,72,72,12,0,2,0,0,0,1,0.6,1,0,563,33,20,132,60,48,0,0,2,0,1,0,0,2.5,2,1,,,,,,a563,7,8,7,,,
564,0,26,2,24,24,24,0,0,2,0,0,1,1,0.6,0,1,564,37,3,24,12,12,0,0,2,1,0,0,0,2.5,1,1,,,,,,a564,7,7,7,,,
565,0,33,8,60,36,36,0,0,1,0,1,1,1,0.6,0,1,565,33,7,96,72,24,0,0,0,1,1,0,1,2.5,2,0,,,,,,a565,7,7,7,,,
566,1,29,9,36,36,36,0,0,2,1,1,1,0,0.6,2,1,566,28,5,72,48,36,24,0,1,1,0,0,0,0.6,0,1,,,,,,a566,7,7,7,,,
567,0,31,4,48,24,12,0,0,1,0,0,0,0,2.5,1,2,567,42,8,48,12,12,0,0,2,1,0,1,0,2.5,0,1,,,,,,a567,7,7,6,,,
568,1,28,4,36,24,24,0,0,1,1,1,0,0,0.6,2,1,568,25,12,72,24,12,0,0,2,1,0,1,1,1.85,2,2,,,,,,a568,7,7,7,,,
569,0,41,22,120,120,60,6,1,2,1,0,1,0,2.5,2,2,569,36,8,72,72,72,12,0,1,1,1,0,0,0.6,0,1,,,,,,a569,7,7,7,,,
570,1,34,6,48,24,24,0,1,0,1,1,1,1,0.6,1,1,570,29,7,60,24,12,0,0,2,0,0,0,0,0.6,1,1,,,,,,a570,7,7,7,,,
571,1,49,26,156,12,12,0,1,2,0,0,0,0,0.6,1,2,571,37,6,96,84,60,6,1,0,1,0,1,1,2.5,1,2,,,,,,a571,7,7,7,,,
572,0,25,3,36,36,36,0,0,0,1,1,0,0,0.6,0,2,572,36,5,60,48,48,0,0,1,1,1,1,1,2.5,2,1,,,,,,a572,7,7,7,,,
573,0,29,4,48,48,36,0,0,2,1,1,0,0,2.5,2,1,573,38,4,72,48,48,0,0,2,1,0,0,0,2.5,0,1,,,,,,a573,7,7,7,,,
574,1,46,36,300,204,132,24,1,1,0,1,0,0,1.67,1,2,574,28,8,48,24,24,0,0,0,1,0,0,0,0.6,2,2,,,,,,a574,7,7,7,,,
575,1,26,4,36,24,24,0,0,1,1,1,1,1,2.5,1,0,575,32,5,72,36,12,0,1,0,0,0,1,0,0.6,1,2,,,,,,a575,7,6,7,,,
576,0,34,7,48,24,24,0,0,2,1,1,1,0,2.5,0,1,576,47,2,36,36,36,0,1,1,0,0,0,0,2.5,1,0,,,,,,a576,7,8,7,,,
577,1,35,5,84,36,24,0,0,0,0,0,1,1,0.6,0,2,577,32,8,36,24,12,0,1,2,1,1,0,0,1.58,0,0,,,,,,a577,7,7,7,,,
578,0,28,4,24,24,12,0,0,2,0,1,0,1,0.6,0,2,578,27,8,108,108,108,24,0,2,1,1,1,1,0.6,2,0,,,,,,a578,7,7,7,,,
579,0,37,7,108,108,60,48,0,1,0,0,1,0,0.6,2,2,579,29,20,156,60,36,0,0,0,1,0,0,0,2.5,1,0,,,,,,a579,7,8,7,,,
580,1,28,4,12,12,12,0,1,1,1,0,1,1,2.06,2,0,580,38,6,48,48,36,0,1,2,0,0,0,1,0.6,2,2,,,,,,a580,7,8,7,,,
581,0,30,9,72,48,48,0,1,0,1,1,1,1,0.6,1,2,581,34,17,144,144,132,6,0,2,0,1,0,1,0.6,2,1,,,,,,a581,7,7,7,,,
582,0,30,4,36,12,12,0,1,1,0,0,1,1,2.5,1,0,582,40,8,36,12,12,0,1,2,0,0,0,1,2.5,2,0,,,,,,a582,7,8,7,,,
583,1,34,4,60,24,24,0,1,1,0,0,0,0,0.6,0,1,583,33,7,48,12,12,0,1,2,0,1,1,1,0.6,0,0,,,,,,a583,7,7,7,,,
584,1,33,5,60,60,36,0,1,0,1,1,1,1,2.41,0,2,584,30,4,48,36,24,0,0,0,0,1,0,0,0.6,0,1,,,,,,a584,7,8,7,,,
585,1,31,6,60,36,36,0,0,2,1,1,0,0,0.6,1,1,585,36,9,36,12,12,0,0,2,1,1,1,1,0.6,0,1,,,,,,a585,7,7,7,,,
586,1,29,8,36,12,12,0,0,2,1,1,0,1,1.79,1,0,586,34,8,36,36,36,0,1,1,0,1,1,0,0.6,0,1,,,,,,a586,7,7,7,,,
587,1,31,6,36,12,12,0,0,2,1,1,0,1,2.5,2,2,587,37,7,96,48,36,0,1,1,0,0,1,1,2.5,1,2,,,,,,a587,7,7,7,,,
588,0,34,5,36,24,24,0,0,1,1,0,0,0,0.6,2,0,588,29,9,60,60,36,6,1,0,1,0,0,1,1.87,0,2,,,,,,a588,7,7,7,,,
589,0,41,19,108,12,12,0,1,0,0,0,0,1,1.01,1,2,589,34,14,120,108,108,36,1,1,0,0,0,1,2.5,0,1,,,,,,a589,7,7,7,,,
590,0,31,7,60,60,60,12,0,1,1,0,1,0,0.6,1,2,590,25,6,60,60,60,6,0,0,1,1,0,1,0.6,0,1,,,,,,a590,7,7,7,,,
591,1,37,11,108,72,60,12,1,0,1,0,0,0,2.5,1,1,591,30,4,60,60,48,0,1,1,0,0,1,1,0.6,1,2,,,,,,a591,7,7,7,,,
592,1,39,11,108,48,24,0,0,2,1,1,0,0,2.5,2,2,592,29,8,60,24,24,0,1,0,0,0,0,1,0.6,2,0,,,,,,a592,7,7,7,,,
593,0,34,9,60,48,24,0,0,0,0,1,0,1,0.6,1,2,593,24,36,192,96,60,36,1,0,1,0,0,0,0.6,1,2,,,,,,a593,7,7,6,,,
594,1,31,6,72,36,36,0,0,0,1,0,1,0,1.42,2,2,594,40,6,60,48,36,12,0,1,1,1,1,0,0.6,1,1,,,,,,a594,7,7,7,,,
595,1,34,8,72,48,48,36,1,1,1,0,0,1,2.13,2,1,595,28,8,72,72,48,12,0,0,0,1,0,1,1.25,2,2,,,,,,a595,7,7,7,,,
596,0,37,10,96,60,48,0,1,2,1,1,1,0,1.37,1,1,596,31,11,72,48,48,6,1,0,1,0,1,0,0.6,0,0,,,,,,a596,7,7,7,,,
597,0,29,9,48,24,24,0,0,1,1,0,0,0,0.6,1,1,597,30,10,84,60,60,24,1,0,0,0,1,1,2.5,0,2,,,,,,a597,7,7,7,,,
598,0,31,4,48,48,48,0,1,0,0,0,1,0,0.6,2,2,598,36,3,36,24,12,0,0,0,1,0,1,1,0.6,0,1,,,,,,a598,7,7,7,,,
599,0,33,4,48,48,36,0,0,0,0,0,0,1,2.04,0,1,599,32,31,156,12,12,0,1,2,0,1,0,1,1.09,2,1,,,,,,a599,7,7,7,,,
600,1,32,7,36,24,24,12,1,1,1,1,0,1,0.6,0,2,600,41,4,48,36,12,0,1,2,0,0,0,1,1.4,1,2,,,,,,a600,7,7,6,,,
601,1,28,3,12,12,12,0,0,2,0,0,0,0,2.01,2,1,601,33,9,84,72,24,0,0,0,0,0,1,0,2.5,1,2,,,,,,a601,7,7,7,,,
602,0,29,8,48,12,12,0,1,1,1,1,1,0,2.5,1,0,602,36,6,108,72,60,48,1,0,1,1,1,0,2.5,0,2,,,,,,a602,7,7,7,,,
603,0,36,11,96,96,84,6,1,1,0,1,0,0,1.34,1,0,603,37,9,36,36,24,0,1,0,0,0,1,0,0.6,1,1,,,,,,a603,7,6,7,,,
604,1,36,5,84,48,24,0,1,2,1,1,1,0,2.5,2,2,604,27,5,36,24,24,0,1,2,0,1,0,1,0.6,0,1,,,,,,a604,7,7,7,,,
605,1,38,10,132,60,36,0,0,2,1,1,1,0,2.5,2,0,605,32,9,72,48,12,0,1,2,1,1,1,0,1.73,2,1,,,,,,a605,7,7,7,,,
606,1,34,8,72,36,12,0,1,1,0,1,1,1,2.11,0,0,606,34,17,108,72,48,0,0,0,1,0,0,0,2.5,0,2,,,,,,a606,7,7,7,,,
607,0,28,2,36,36,24,0,1,0,0,0,1,1,1.03,2,0,607,31,6,60,60,48,12,1,1,1,1,0,0,0.6,0,1,,,,,,a607,7,7,7,,,
608,1,28,2,24,24,24,0,1,0,1,1,1,0,1.06,0,0,608,31,20,156,84,48,6,1,2,0,0,1,0,1.88,1,1,,,,,,a608,7,7,7,,,
609,1,28,2,24,24,24,0,1,2,1,1,0,0,0.6,0,1,609,31,4,24,12,12,0,1,0,1,0,1,0,0.6,2,0,,,,,,a609,7,7,7,,,
610,0,33,5,48,12,12,0,0,1,0,0,1,1,2.5,2,1,610,41,4,24,24,24,0,0,2,0,1,0,0,2.5,2,1,,,,,,a610,7,7,7,,,
611,0,40,17,156,120,120,96,0,1,1,0,0,1,2.5,2,1,611,28,11,108,60,48,12,1,0,1,1,0,0,0.6,0,2,,,,,,a611,7,7,7,,,
612,0,36,12,108,108,48,0,1,0,0,0,1,1,1.04,0,1,612,30,7,72,72,72,12,0,0,1,0,1,1,1.91,1,2,,,,,,a612,7,7,7,,,
613,1,32,4,48,12,12,0,1,1,0,1,1,1,2.5,1,2,613,23,10,96,84,24,6,1,1,0,0,0,1,1.65,0,1,,,,,,a613,7,7,6,,,
614,0,33,7,48,36,36,0,1,0,1,1,1,1,2.5,2,0,614,28,9,48,12,12,0,0,2,0,0,0,0,2.31,0,0,,,,,,a614,7,7,7,,,
615,1,32,4,36,24,12,0,1,2,0,1,1,0,2.5,0,2,615,30,6,72,36,24,0,1,1,0,0,0,0,0.6,2,0,,,,,,a615,7,7,7,,,
616,0,29,8,72,48,36,0,0,2,0,1,1,1,1.69,2,1,616,46,2,12,12,12,0,0,2,0,1,0,0,0.6,1,2,,,,,,a616,7,7,7,,,
617,1,27,3,36,36,24,0,1,1,0,0,0,1,2.5,0,1,617,32,11,84,84,36,0,1,0,0,1,1,1,2.5,2,1,,,,,,a617,7,7,6,,,
618,0,32,9,60,36,36,12,1,1,0,0,1,1,2.5,0,2,618,26,5,60,24,24,0,0,1,1,1,1,0,0.6,2,2,,,,,,a618,7,7,6,,,
619,0,34,5,48,24,24,0,1,1,1,0,1,1,1.83,0,0,619,22,12,84,24,24,0,0,0,0,0,0,1,0.6,0,1,,,,,,a619,7,7,7,,,
620,0,37,12,84,84,84,24,0,2,0,1,0,1,2.5,2,0,620,28,4,60,24,12,0,0,2,1,0,0,0,0.6,1,0,,,,,,a620,7,7,7,,,
621,1,34,6,72,60,60,48,0,2,1,0,0,0,2.5,1,0,621,25,7,48,12,12,0,0,2,1,1,0,1,0.6,0,0,,,,,,a621,7,7,7,,,
622,0,30,7,36,24,24,0,0,1,1,1,0,0,1.22,0,1,622,34,32,156,96,36,0,1,0,0,0,0,1,1.4,1,1,,,,,,a622,7,7,7,,,
623,1,36,11,108,108,60,48,1,1,0,0,0,0,2.5,1,1,623,34,5,60,60,48,0,0,2,0,0,1,1,0.6,0,2,,,,,,a623,7,7,6,,,
624,1,41,8,108,24,24,0,0,1,0,0,1,1,2.5,0,1,624,24,7,60,48,24,0,0,1,1,1,0,0,1.82,0,0,,,,,,a624,7,7,6,,,
625,0,39,19,132,72,36,0,1,0,1,1,1,1,0.6,1,1,625,37,5,72,36,24,0,1,0,1,0,1,0,0.6,2,2,,,,,,a625,7,7,7,,,
626,0,35,5,108,84,72,24,0,1,1,1,1,1,0.6,1,2,626,29,132,120,108,96,1,0,1,1,0,0,0,0.6,0,0,,,,,,a626,7,8,6,,,
627,0,34,7,36,36,36,12,1,1,0,0,1,1,2.5,0,1,627,33,24,12,12,0,0,0,1,1,0,0,1,2.5,2,1,,,,,,a627,7,7,7,,,
628,1,39,21,108,84,84,6,1,0,1,0,0,1,0.6,1,0,628,31,72,36,24,0,0,2,1,0,0,0,1,2.5,2,2,,,,,,a628,7,7,7,,,
629,0,27,2,12,12,12,0,1,2,1,0,0,0,0.6,1,2,629,27,288,264,204,6,0,0,0,0,1,0,1,1.3,2,1,,,,,,a629,7,7,7,,,
630,1,41,9,132,48,48,0,0,1,1,0,1,0,1.74,1,0,630,35,72,60,48,12,0,1,1,0,0,0,1,0.6,1,1,,,,,,a630,7,7,7,,,
631,0,24,3,24,12,12,0,0,2,1,1,0,1,0.6,0,1,631,37,36,36,24,0,1,2,0,1,0,1,0,1.01,1,0,,,,,,a631,7,7,7,,,
632,1,34,9,48,24,12,0,1,2,1,0,0,0,2.5,1,0,632,48,36,12,12,0,0,2,0,1,0,1,0,1.44,1,1,,,,,,a632,7,7,8,,,
633,1,34,9,60,36,12,0,1,1,1,1,1,1,2.5,1,1,633,22,120,96,24,0,1,1,0,1,1,1,0,0.6,0,0,,,,,,a633,7,7,8,,,
634,0,32,4,48,48,36,0,0,1,0,0,0,1,2.5,1,0,634,32,72,60,48,0,1,1,0,0,1,1,1,1.01,0,2,,,,,,a634,7,7,7,,,
635,1,32,6,60,48,24,12,0,2,1,1,0,1,0.6,0,0,635,32,144,72,36,0,1,2,1,1,1,1,1,0.6,1,1,,,,,,a635,7,7,7,,,
636,1,30,9,60,36,36,0,1,0,0,1,0,1,1.9,0,2,636,36,36,12,12,0,0,2,1,0,1,1,0,0.6,2,2,,,,,,a636,7,7,7,,,
637,0,27,4,12,12,12,0,0,0,0,0,0,1,2.5,2,2,637,31,60,24,12,0,0,1,0,1,1,0,1,1.72,2,2,,,,,,a637,8,8,8,,,
638,1,31,9,36,12,12,0,1,2,1,0,0,1,1.41,1,2,638,37,84,48,12,0,0,0,0,1,0,0,0,2.5,1,0,,,,,,a638,8,9,8,,,
639,0,37,6,84,84,60,24,0,0,1,0,1,0,2.5,1,0,639,32,60,36,12,0,1,0,0,0,1,1,1,0.6,0,0,,,,,,a639,8,8,8,,,
640,0,27,4,36,24,24,0,0,0,1,1,1,0,0.6,1,0,640,31,96,48,36,0,0,2,1,0,1,0,0,1.36,0,0,,,,,,a640,8,8,8,,,
641,0,41,22,108,36,24,0,1,0,0,1,0,1,2.5,2,2,641,29,48,36,36,0,0,1,0,0,1,0,1,2.5,0,0,,,,,,a641,8,8,8,,,
642,1,31,7,72,72,48,0,0,0,1,0,0,1,0.6,0,2,642,33,72,48,48,0,1,1,0,0,1,1,0,2.5,0,1,,,,,,a642,8,8,7,,,
643,0,29,5,72,60,60,12,0,2,0,1,1,0,1.65,2,2,643,32,24,24,12,0,1,1,0,1,0,0,0,0.6,0,0,,,,,,a643,8,8,8,,,
644,1,32,9,36,36,36,6,0,0,1,0,0,0,2.5,1,2,644,35,48,12,12,0,0,1,0,1,0,0,0,2.5,0,2,,,,,,a644,8,8,8,,,
645,1,31,7,72,60,36,0,0,0,1,0,0,1,0.6,1,1,645,29,48,24,24,0,0,1,1,0,1,1,0,1.83,1,0,,,,,,a645,8,7,8,,,
646,1,34,9,60,24,12,0,0,0,0,1,0,1,0.6,0,1,646,36,24,24,24,0,1,0,0,0,1,0,1,2.5,0,1,,,,,,a646,8,8,8,,,
647,1,40,13,108,24,24,0,0,1,1,0,0,0,2.21,1,2,647,31,156,72,24,0,0,1,0,1,1,0,0,1,2,1,,,,,,a647,8,8,8,,,
648,1,34,6,72,48,36,0,0,2,1,0,0,0,1.47,1,1,648,35,24,24,12,0,0,2,0,0,1,1,1,2.5,0,1,,,,,,a648,8,8,8,,,
649,0,38,18,120,48,36,0,1,1,0,0,1,0,2.5,2,1,649,36,36,24,24,0,0,0,1,0,0,0,1,2.5,1,1,,,,,,a649,8,8,8,,,
650,0,33,8,60,48,48,0,0,1,0,1,0,0,0.6,2,1,650,33,48,36,36,0,1,0,0,1,0,0,1,0.6,2,2,,,,,,a650,8,8,8,,,
651,0,30,5,36,12,12,0,0,0,1,1,0,0,2.5,1,2,651,29,84,60,60,48,1,2,0,1,0,1,1,2.5,2,2,,,,,,a651,8,8,9,,,
652,1,29,7,48,36,36,0,0,1,0,0,1,1,2.5,0,1,652,33,72,48,48,12,1,2,0,1,0,0,1,2.5,1,1,,,,,,a652,8,8,8,,,
653,1,37,10,72,72,12,0,1,0,1,1,0,0,2.5,0,1,653,36,120,84,60,24,1,0,1,0,0,1,1,0.6,1,0,,,,,,a653,8,8,8,,,
654,1,38,20,132,60,48,0,0,2,0,0,0,1,0.6,1,2,654,31,72,36,24,0,0,2,0,1,0,1,0,2.5,0,0,,,,,,a654,8,8,8,,,
655,1,28,3,24,12,12,0,0,2,1,1,1,1,2.5,1,2,655,31,72,36,24,0,1,2,0,1,0,0,0,1.89,2,1,,,,,,a655,8,8,9,,,
656,1,36,7,96,72,24,0,0,0,1,1,0,0,1.68,0,0,656,31,96,72,36,0,1,1,0,1,0,0,1,0.6,0,0,,,,,,a656,8,8,8,,,
657,0,33,5,72,48,36,24,0,1,1,1,1,1,0.6,1,0,657,41,12,12,12,0,0,2,0,1,1,0,0,1.74,0,1,,,,,,a657,8,8,8,,,
658,1,31,8,48,12,12,0,0,2,1,0,1,0,2.26,1,1,658,35,48,48,24,0,1,2,0,1,1,0,0,0.6,1,2,,,,,,a658,8,8,8,,,
659,0,36,12,72,24,12,0,0,2,1,1,1,1,0.6,0,1,659,31,60,36,12,0,1,2,0,1,0,1,1,2.5,2,1,,,,,,a659,8,8,7,,,
660,0,29,8,72,72,72,12,0,1,1,0,1,0,0.6,1,0,660,29,36,12,12,0,1,2,0,1,0,1,1,2,0,2,,,,,,a660,8,8,7,,,
661,0,31,7,60,24,12,0,0,2,0,1,1,1,2.28,0,0,661,37,48,48,36,0,1,2,0,0,1,1,0,1,0,1,,,,,,a661,8,8,8,,,
662,0,35,6,96,84,60,6,1,0,1,0,0,1,2.5,2,2,662,40,48,24,12,0,0,0,1,1,1,1,0,0.6,2,1,,,,,,a662,8,8,9,,,
663,0,30,5,60,48,48,0,0,1,1,0,1,0,0.6,0,2,663,34,120,96,84,48,0,2,1,0,0,0,0,2.5,1,1,,,,,,a663,8,8,7,,,
664,0,31,4,72,48,48,0,0,2,1,1,1,1,0.6,2,2,664,37,36,36,24,0,1,2,0,0,1,0,0,2.5,2,1,,,,,,a664,8,8,8,,,
665,1,30,8,48,24,24,0,0,0,1,1,1,1,2.5,0,0,665,30,60,24,12,0,1,0,0,0,0,1,0,0.6,0,0,,,,,,a665,8,8,8,,,
666,0,33,5,72,36,12,0,1,0,0,1,1,1,2.5,2,1,666,29,36,36,36,0,1,1,1,1,1,0,0,0.6,0,1,,,,,,a666,8,8,8,,,
667,1,22,2,36,36,36,0,1,1,0,0,1,1,1.34,2,2,667,32,24,12,12,0,0,0,1,0,1,1,0,2.5,0,0,,,,,,a667,8,8,9,,,
668,1,29,8,36,24,12,0,1,2,1,1,0,1,1.21,1,1,668,36,72,72,72,0,0,1,1,0,0,1,0,2.5,2,0,,,,,,a668,8,8,8,,,
669,0,36,8,108,108,108,24,0,2,1,1,0,0,2.11,0,0,669,36,252,168,156,24,0,0,0,1,0,1,1,2.3,2,0,,,,,,a669,8,9,8,,,
670,0,39,20,156,60,36,0,0,0,1,0,0,0,0.6,0,0,670,32,48,12,12,0,1,1,0,0,0,0,1,0.6,1,0,,,,,,a670,8,8,8,,,
671,1,31,6,48,48,36,0,1,2,0,0,0,1,2.5,0,0,671,35,36,24,24,0,0,0,0,0,1,1,1,0.6,1,2,,,,,,a671,8,8,8,,,
672,0,41,17,144,144,132,6,0,2,0,0,1,0,2.5,2,2,672,25,36,24,12,0,0,2,0,0,0,1,0,0.6,2,0,,,,,,a672,8,8,8,,,
673,0,31,8,36,12,12,0,1,2,0,0,1,1,1.06,1,0,673,28,12,12,12,0,0,0,1,0,1,0,1,2.5,0,1,,,,,,a673,8,8,8,,,
674,0,31,7,48,12,12,0,1,2,0,1,0,0,0.6,2,2,674,25,12,12,12,0,1,1,1,1,1,1,0,0.6,2,0,,,,,,a674,8,8,8,,,
675,1,29,4,48,36,24,0,0,0,0,0,0,0,2.5,2,1,675,31,72,36,12,0,0,2,0,1,0,0,0,1.45,1,0,,,,,,a675,8,8,9,,,
676,0,34,9,36,12,12,0,0,2,1,1,0,1,0.6,0,0,676,28,48,48,24,0,1,2,1,0,1,1,0,2.1,0,2,,,,,,a676,8,7,8,,,
677,1,31,8,36,36,36,0,1,1,0,1,0,1,0.6,1,2,677,37,12,12,12,0,1,1,0,0,0,1,0,0.6,2,0,,,,,,a677,8,8,8,,,
678,1,36,7,96,48,36,0,1,1,0,1,0,0,0.6,1,0,678,37,72,36,24,0,0,0,1,1,0,1,1,0.6,2,1,,,,,,a678,8,8,8,,,
679,1,32,9,60,60,36,6,1,0,1,1,0,1,0.6,2,1,679,32,72,60,48,0,1,0,1,0,0,1,0,2.5,2,1,,,,,,a679,8,8,8,,,
680,0,38,14,120,108,108,36,1,1,0,1,1,0,1.8,2,1,680,50,72,72,72,6,1,1,1,1,1,0,0,0.6,2,2,,,,,,a680,8,8,8,,,
681,0,32,6,60,60,60,6,0,0,1,1,0,0,0.6,2,0,681,25,60,48,48,0,0,0,1,1,0,0,1,0.6,2,0,,,,,,a681,8,8,8,,,
682,0,30,4,60,60,48,0,1,1,0,0,1,0,0.6,2,1,682,29,24,24,24,0,0,0,0,1,0,0,0,0.6,1,2,,,,,,a682,8,8,8,,,
683,0,33,8,60,24,24,0,1,0,0,0,0,0,0.6,1,0,683,34,96,36,36,0,1,0,0,1,0,1,0,2.5,2,2,,,,,,a683,8,8,8,,,
684,0,49,36,192,96,60,36,1,0,1,1,1,0,1.8,2,2,684,32,96,60,48,0,1,1,1,0,1,1,0,2.27,0,1,,,,,,a684,8,9,7,,,
685,1,32,6,60,48,36,12,0,1,1,1,1,1,0.6,0,2,685,32,168,84,36,0,0,0,1,0,1,0,0,0.6,0,0,,,,,,a685,8,8,9,,,
686,1,31,8,72,72,48,12,0,0,0,1,0,0,0.6,2,2,686,37,36,36,24,0,1,0,0,0,0,0,1,2.5,1,2,,,,,,a686,8,8,7,,,
687,1,35,11,72,48,48,6,1,0,1,1,0,0,0.6,0,2,687,31,48,12,12,0,0,2,0,1,0,1,0,1.24,1,0,,,,,,a687,8,8,8,,,
688,1,35,10,84,60,60,24,1,0,0,0,1,0,2.5,2,1,688,37,36,24,24,0,1,0,1,0,1,0,1,1.13,0,0,,,,,,a688,8,8,8,,,
689,1,26,3,36,24,12,0,0,0,1,0,1,0,0.6,2,2,689,35,84,36,24,0,0,1,1,0,0,1,0,0.6,0,0,,,,,,a689,8,8,8,,,
690,1,48,31,156,12,12,0,1,2,0,0,0,1,1.02,2,1,690,35,72,60,60,0,1,1,0,0,1,0,1,1.77,2,2,,,,,,a690,8,8,8,,,
691,0,34,4,48,36,12,0,1,2,0,1,0,1,2.5,0,0,691,33,108,60,48,0,0,2,1,1,0,0,1,0.6,0,0,,,,,,a691,8,8,8,,,
692,1,36,9,84,72,24,0,0,0,0,0,0,0,2.5,0,0,692,36,48,24,24,0,1,2,1,1,1,0,0,2.5,2,1,,,,,,a692,8,8,8,,,
693,0,35,6,108,72,60,48,1,0,1,1,1,1,1.22,2,0,693,29,36,36,36,0,1,2,1,0,0,0,0,0.6,2,1,,,,,,a693,8,8,8,,,
694,1,34,9,36,36,24,0,1,0,0,1,0,0,1.54,1,1,694,28,72,72,48,0,1,0,1,0,1,1,0,0.6,1,2,,,,,,a694,8,8,8,,,
695,0,34,5,36,24,24,0,1,2,0,1,0,1,1.12,1,1,695,33,60,60,36,0,0,1,1,0,0,1,1,2.5,2,1,,,,,,a695,8,8,8,,,
696,0,36,9,72,48,12,0,1,2,1,1,0,1,1.18,1,1,696,30,48,24,24,12,1,2,0,1,0,0,0,2.5,0,1,,,,,,a696,8,8,8,,,
697,1,38,17,108,72,48,0,0,0,1,0,0,0,0.6,2,0,697,37,108,108,72,6,0,1,0,0,1,0,1,1.15,1,0,,,,,,a697,8,8,9,,,
698,1,32,6,60,60,48,12,1,1,1,1,0,1,0.6,2,1,698,34,36,12,12,0,0,1,1,0,0,1,0,1.29,0,1,,,,,,a698,8,8,8,,,
699,0,42,20,156,84,48,6,1,2,0,0,0,1,2.5,0,2,699,37,108,60,36,0,0,1,1,1,1,0,1,0.6,1,2,,,,,,a699,8,8,7,,,
700,0,28,4,24,12,12,0,1,0,1,0,0,0,1.12,1,1,700,26,72,60,36,0,1,2,1,0,1,1,0,1.9,0,2,,,,,,a700,8,8,8,,,
701,0,24,4,24,24,24,0,0,2,0,1,0,0,1.69,0,1,701,26,84,24,24,0,1,1,0,0,1,1,1,0.6,1,1,,,,,,a701,8,8,8,,,
702,0,35,11,108,60,48,12,1,0,1,1,1,1,0.6,2,0,702,31,96,36,24,0,0,0,0,1,0,1,0,1.66,2,1,,,,,,a702,8,8,8,,,
703,0,29,7,72,72,72,12,0,0,1,1,1,1,0.6,0,2,703,31,48,24,24,0,1,1,1,1,0,1,1,1.22,1,1,,,,,,a703,8,8,9,,,
704,0,35,10,96,84,24,6,1,1,0,1,1,0,1.04,2,1,704,28,36,12,12,0,0,0,0,0,1,1,1,0.6,1,1,,,,,,a704,8,8,8,,,
705,0,30,9,48,12,12,0,0,2,0,0,1,1,2.13,1,1,705,40,60,24,24,0,0,1,1,1,1,0,0,0.6,0,1,,,,,,a705,8,8,8,,,
706,0,37,6,72,36,24,0,1,1,0,1,0,1,0.6,2,2,706,22,96,48,48,36,1,0,0,0,0,1,1,2.5,1,0,,,,,,a706,8,8,8,,,
707,1,28,2,12,12,12,0,0,2,0,1,1,1,2.46,2,0,707,39,36,24,24,0,1,0,0,1,1,1,1,2.5,1,2,,,,,,a707,8,8,8,,,
708,0,37,11,84,84,36,0,1,0,0,0,0,1,0.6,2,1,708,30,72,72,60,0,0,0,1,0,0,1,0,0.6,1,1,,,,,,a708,8,8,8,,,
709,0,32,5,60,24,24,0,0,1,1,1,1,1,0.6,1,2,709,30,48,36,12,0,0,0,0,0,1,1,0,2.5,2,0,,,,,,a709,8,7,8,,,
710,1,37,12,84,24,24,0,0,0,0,0,0,0,0.6,2,0,710,31,156,84,72,12,0,0,1,1,1,1,1,2.5,0,1,,,,,,a710,8,9,8,,,
711,0,33,4,60,24,12,0,0,2,1,0,1,0,2.5,1,1,711,33,72,36,24,0,1,1,1,0,1,1,0,0.6,2,1,,,,,,a711,8,8,8,,,
712,1,32,7,48,12,12,0,0,2,1,0,0,1,1.12,2,0,712,35,60,36,36,0,0,1,0,1,1,0,0,0.6,1,1,,,,,,a712,8,8,8,,,
713,1,46,32,156,96,36,0,1,0,0,1,0,0,2.3,1,2,713,31,60,36,24,0,0,1,1,0,0,1,0,0.6,2,2,,,,,,a713,8,8,8,,,
714,1,29,5,60,60,48,0,0,2,0,1,1,0,2.5,1,2,714,32,84,84,84,36,0,1,0,1,1,1,1,2.5,2,2,,,,,,a714,8,8,8,,,
715,1,33,7,60,48,24,0,0,1,1,1,0,1,1.12,1,0,715,34,156,132,108,12,1,2,0,0,0,0,0,1.38,1,2,,,,,,a715,8,8,9,,,
716,0,33,5,72,36,24,0,1,0,1,0,0,0,0.6,2,2,716,32,60,36,12,0,1,1,0,0,1,0,0,0.6,0,2,,,,,,a716,8,8,8,,,
717,0,32,9,36,24,24,6,0,0,0,1,1,1,2.5,2,1,717,24,96,72,12,0,0,2,0,0,1,0,1,1.31,0,2,,,,,,a717,9,8,8,,,
718,1,29,7,60,60,48,0,0,0,1,1,0,1,0.6,1,1,718,35,48,48,36,0,1,0,0,1,0,1,1,0.6,2,0,,,,,,a718,9,8,8,,,
719,0,37,5,84,48,12,0,1,1,1,1,0,1,1.33,2,2,719,31,60,60,36,0,1,1,0,0,0,0,0,2.5,2,1,,,,,,a719,9,9,9,,,
720,0,50,20,180,84,36,12,1,2,1,0,1,1,2.5,2,2,720,34,60,36,36,0,1,0,1,0,0,0,1,1.63,0,1,,,,,,a720,9,9,9,,,
